-- phpMyAdmin SQL Dump
-- version 4.5.2
-- http://www.phpmyadmin.net
--
-- Host: localhost
-- Generation Time: Dec 13, 2016 at 02:38 AM
-- Server version: 10.1.16-MariaDB
-- PHP Version: 7.0.9

SET SQL_MODE = "NO_AUTO_VALUE_ON_ZERO";
SET time_zone = "+00:00";


/*!40101 SET @OLD_CHARACTER_SET_CLIENT=@@CHARACTER_SET_CLIENT */;
/*!40101 SET @OLD_CHARACTER_SET_RESULTS=@@CHARACTER_SET_RESULTS */;
/*!40101 SET @OLD_COLLATION_CONNECTION=@@COLLATION_CONNECTION */;
/*!40101 SET NAMES utf8mb4 */;

--
-- Database: `dev_v1`
--
CREATE DATABASE IF NOT EXISTS `dev_v1` DEFAULT CHARACTER SET latin1 COLLATE latin1_swedish_ci;
USE `dev_v1`;

-- --------------------------------------------------------

--
-- Table structure for table `answers`
--

CREATE TABLE `answers` (
  `aid` int(20) NOT NULL,
  `qid` int(20) NOT NULL,
  `answered_user` varchar(20) NOT NULL,
  `answer` text NOT NULL,
  `marked` tinyint(1) NOT NULL,
  `a_created` timestamp NOT NULL DEFAULT CURRENT_TIMESTAMP ON UPDATE CURRENT_TIMESTAMP,
  `votes` int(11) NOT NULL DEFAULT '0'
) ENGINE=InnoDB DEFAULT CHARSET=latin1;

--
-- Dumping data for table `answers`
--

INSERT INTO `answers` (`aid`, `qid`, `answered_user`, `answer`, `marked`, `a_created`, `votes`) VALUES
(183, 40, 'ravitejamajeti', '<p style="margin-bottom: 1em; padding: 0px; border: 0px; font-size: 15px; clear: both; color: rgb(36, 39, 41); font-family: Arial, &quot;Helvetica Neue&quot;, Helvetica, sans-serif;">Since you know how many types of layout you would have - it''s possible to use those methods.</p><p style="margin-bottom: 1em; padding: 0px; border: 0px; font-size: 15px; clear: both; color: rgb(36, 39, 41); font-family: Arial, &quot;Helvetica Neue&quot;, Helvetica, sans-serif;"><code style="margin: 0px; padding: 1px 5px; border: 0px; font-size: 13px; font-family: Consolas, Menlo, Monaco, &quot;Lucida Console&quot;, &quot;Liberation Mono&quot;, &quot;DejaVu Sans Mono&quot;, &quot;Bitstream Vera Sans Mono&quot;, &quot;Courier New&quot;, monospace, sans-serif; background-color: rgb(239, 240, 241); white-space: pre-wrap;">getViewTypeCount()</code>&nbsp;- this methods returns information how many types of rows do you have in your list</p><p style="margin-bottom: 1em; padding: 0px; border: 0px; font-size: 15px; clear: both; color: rgb(36, 39, 41); font-family: Arial, &quot;Helvetica Neue&quot;, Helvetica, sans-serif;"><code style="margin: 0px; padding: 1px 5px; border: 0px; font-size: 13px; font-family: Consolas, Menlo, Monaco, &quot;Lucida Console&quot;, &quot;Liberation Mono&quot;, &quot;DejaVu Sans Mono&quot;, &quot;Bitstream Vera Sans Mono&quot;, &quot;Courier New&quot;, monospace, sans-serif; background-color: rgb(239, 240, 241); white-space: pre-wrap;">getItemViewType(int position)</code>&nbsp;- returns information which layout type you should use based on position</p><p style="margin-bottom: 1em; padding: 0px; border: 0px; font-size: 15px; clear: both; color: rgb(36, 39, 41); font-family: Arial, &quot;Helvetica Neue&quot;, Helvetica, sans-serif;">Then you inflate layout only if it''s null and determine type using&nbsp;<code style="margin: 0px; padding: 1px 5px; border: 0px; font-size: 13px; font-family: Consolas, Menlo, Monaco, &quot;Lucida Console&quot;, &quot;Liberation Mono&quot;, &quot;DejaVu Sans Mono&quot;, &quot;Bitstream Vera Sans Mono&quot;, &quot;Courier New&quot;, monospace, sans-serif; background-color: rgb(239, 240, 241); white-space: pre-wrap;">getItemViewType</code>.</p><p style="margin-bottom: 1em; padding: 0px; border: 0px; font-size: 15px; clear: both; color: rgb(36, 39, 41); font-family: Arial, &quot;Helvetica Neue&quot;, Helvetica, sans-serif;">Look at&nbsp;<strong style="margin: 0px; padding: 0px; border: 0px;"><a href="http://android.amberfog.com/?p=296" style="margin: 0px; padding: 0px; border: 0px; color: rgb(0, 89, 153); cursor: pointer;">this tutorial</a></strong>&nbsp;for further information.</p><p style="margin-bottom: 1em; padding: 0px; border: 0px; font-size: 15px; clear: both; color: rgb(36, 39, 41); font-family: Arial, &quot;Helvetica Neue&quot;, Helvetica, sans-serif;">To achieve some optimizations in structure that you''ve described in comment I would suggest:</p><ul style="margin-right: 0px; margin-bottom: 1em; margin-left: 30px; padding: 0px; border: 0px; font-size: 15px; color: rgb(36, 39, 41); font-family: Arial, &quot;Helvetica Neue&quot;, Helvetica, sans-serif;"><li style="margin: 0px 0px 0.5em; padding: 0px; border: 0px; word-wrap: break-word;">Storing views in object called&nbsp;<code style="margin: 0px; padding: 1px 5px; border: 0px; font-size: 13px; font-family: Consolas, Menlo, Monaco, &quot;Lucida Console&quot;, &quot;Liberation Mono&quot;, &quot;DejaVu Sans Mono&quot;, &quot;Bitstream Vera Sans Mono&quot;, &quot;Courier New&quot;, monospace, sans-serif; background-color: rgb(239, 240, 241); white-space: pre-wrap;">ViewHolder</code>. It would increase speed because you won''t have to call&nbsp;<code style="margin: 0px; padding: 1px 5px; border: 0px; font-size: 13px; font-family: Consolas, Menlo, Monaco, &quot;Lucida Console&quot;, &quot;Liberation Mono&quot;, &quot;DejaVu Sans Mono&quot;, &quot;Bitstream Vera Sans Mono&quot;, &quot;Courier New&quot;, monospace, sans-serif; background-color: rgb(239, 240, 241); white-space: pre-wrap;">findViewById()</code>&nbsp;every time in&nbsp;<code style="margin: 0px; padding: 1px 5px; border: 0px; font-size: 13px; font-family: Consolas, Menlo, Monaco, &quot;Lucida Console&quot;, &quot;Liberation Mono&quot;, &quot;DejaVu Sans Mono&quot;, &quot;Bitstream Vera Sans Mono&quot;, &quot;Courier New&quot;, monospace, sans-serif; background-color: rgb(239, 240, 241); white-space: pre-wrap;">getView</code>&nbsp;method. See&nbsp;<a href="http://developer.android.com/resources/samples/ApiDemos/src/com/example/android/apis/view/List14.html" style="margin: 0px; padding: 0px; border: 0px; color: rgb(0, 89, 153); cursor: pointer;">List14 in API demos</a>.</li><li style="margin: 0px; padding: 0px; border: 0px; word-wrap: break-word;">Create one generic layout that will conform all combinations of properties and hide some elements if current position doesn''t have it.</li></ul><p style="margin-bottom: 1em; padding: 0px; border: 0px; font-size: 15px; clear: both; color: rgb(36, 39, 41); font-family: Arial, &quot;Helvetica Neue&quot;, Helvetica, sans-serif;">I hope that will help you. If you could provide some XML stub with your data structure and information how exactly you want to map it into row, I would be able to give you more precise advise. By pixel.</p>', 0, '2016-12-13 00:51:06', 0),
(184, 41, 'ravitejamajeti', '<p style="margin-bottom: 1em; padding: 0px; border: 0px; font-size: 15px; clear: both; color: rgb(36, 39, 41); font-family: Arial, &quot;Helvetica Neue&quot;, Helvetica, sans-serif;">Consider the following query:</p><pre class="default prettyprint prettyprinted" style="margin-bottom: 1em; padding: 5px; border-width: 0px; border-style: initial; border-color: initial; width: auto; max-height: 600px; font-family: Consolas, Menlo, Monaco, &quot;Lucida Console&quot;, &quot;Liberation Mono&quot;, &quot;DejaVu Sans Mono&quot;, &quot;Bitstream Vera Sans Mono&quot;, &quot;Courier New&quot;, monospace, sans-serif; background-color: rgb(239, 240, 241); color: rgb(57, 51, 24); word-wrap: normal;"><code style="margin: 0px; border: 0px; font-size: 13px; font-family: Consolas, Menlo, Monaco, &quot;Lucida Console&quot;, &quot;Liberation Mono&quot;, &quot;DejaVu Sans Mono&quot;, &quot;Bitstream Vera Sans Mono&quot;, &quot;Courier New&quot;, monospace, sans-serif; background-color: rgb(239, 240, 241); white-space: inherit;"><span class="pln" style="margin: 0px; padding: 0px; border: 0px; color: rgb(48, 51, 54);">$iId </span><span class="pun" style="margin: 0px; padding: 0px; border: 0px; color: rgb(48, 51, 54);">=</span><span class="pln" style="margin: 0px; padding: 0px; border: 0px; color: rgb(48, 51, 54);"> mysql_real_escape_string</span><span class="pun" style="margin: 0px; padding: 0px; border: 0px; color: rgb(48, 51, 54);">(</span><span class="str" style="margin: 0px; padding: 0px; border: 0px; color: rgb(125, 39, 39);">"1 OR 1=1"</span><span class="pun" style="margin: 0px; padding: 0px; border: 0px; color: rgb(48, 51, 54);">);</span><span class="pln" style="margin: 0px; padding: 0px; border: 0px; color: rgb(48, 51, 54);">    \n$sSql </span><span class="pun" style="margin: 0px; padding: 0px; border: 0px; color: rgb(48, 51, 54);">=</span><span class="pln" style="margin: 0px; padding: 0px; border: 0px; color: rgb(48, 51, 54);"> </span><span class="str" style="margin: 0px; padding: 0px; border: 0px; color: rgb(125, 39, 39);">"SELECT * FROM table WHERE id = $iId"</span><span class="pun" style="margin: 0px; padding: 0px; border: 0px; color: rgb(48, 51, 54);">;</span></code></pre><p style="margin-bottom: 1em; padding: 0px; border: 0px; font-size: 15px; clear: both; color: rgb(36, 39, 41); font-family: Arial, &quot;Helvetica Neue&quot;, Helvetica, sans-serif;"><code style="margin: 0px; padding: 1px 5px; border: 0px; font-size: 13px; font-family: Consolas, Menlo, Monaco, &quot;Lucida Console&quot;, &quot;Liberation Mono&quot;, &quot;DejaVu Sans Mono&quot;, &quot;Bitstream Vera Sans Mono&quot;, &quot;Courier New&quot;, monospace, sans-serif; background-color: rgb(239, 240, 241); white-space: pre-wrap;">mysql_real_escape_string()</code>&nbsp;will not protect you against this. The fact that you use single quotes (<code style="margin: 0px; padding: 1px 5px; border: 0px; font-size: 13px; font-family: Consolas, Menlo, Monaco, &quot;Lucida Console&quot;, &quot;Liberation Mono&quot;, &quot;DejaVu Sans Mono&quot;, &quot;Bitstream Vera Sans Mono&quot;, &quot;Courier New&quot;, monospace, sans-serif; background-color: rgb(239, 240, 241); white-space: pre-wrap;">'' ''</code>) around your variables inside your query is what protects you against this. The following is also an option:</p><pre class="default prettyprint prettyprinted" style="margin-bottom: 1em; padding: 5px; border-width: 0px; border-style: initial; border-color: initial; width: auto; max-height: 600px; font-family: Consolas, Menlo, Monaco, &quot;Lucida Console&quot;, &quot;Liberation Mono&quot;, &quot;DejaVu Sans Mono&quot;, &quot;Bitstream Vera Sans Mono&quot;, &quot;Courier New&quot;, monospace, sans-serif; background-color: rgb(239, 240, 241); color: rgb(57, 51, 24); word-wrap: normal;"><code style="margin: 0px; border: 0px; font-size: 13px; font-family: Consolas, Menlo, Monaco, &quot;Lucida Console&quot;, &quot;Liberation Mono&quot;, &quot;DejaVu Sans Mono&quot;, &quot;Bitstream Vera Sans Mono&quot;, &quot;Courier New&quot;, monospace, sans-serif; background-color: rgb(239, 240, 241); white-space: inherit;"><span class="pln" style="margin: 0px; padding: 0px; border: 0px; color: rgb(48, 51, 54);">$iId </span><span class="pun" style="margin: 0px; padding: 0px; border: 0px; color: rgb(48, 51, 54);">=</span><span class="pln" style="margin: 0px; padding: 0px; border: 0px; color: rgb(48, 51, 54);"> </span><span class="pun" style="margin: 0px; padding: 0px; border: 0px; color: rgb(48, 51, 54);">(</span><span class="kwd" style="margin: 0px; padding: 0px; border: 0px; color: rgb(16, 16, 148);">int</span><span class="pun" style="margin: 0px; padding: 0px; border: 0px; color: rgb(48, 51, 54);">)</span><span class="str" style="margin: 0px; padding: 0px; border: 0px; color: rgb(125, 39, 39);">"1 OR 1=1"</span><span class="pun" style="margin: 0px; padding: 0px; border: 0px; color: rgb(48, 51, 54);">;</span><span class="pln" style="margin: 0px; padding: 0px; border: 0px; color: rgb(48, 51, 54);">\n$sSql </span><span class="pun" style="margin: 0px; padding: 0px; border: 0px; color: rgb(48, 51, 54);">=</span><span class="pln" style="margin: 0px; padding: 0px; border: 0px; color: rgb(48, 51, 54);"> </span><span class="str" style="margin: 0px; padding: 0px; border: 0px; color: rgb(125, 39, 39);">"SELECT * FROM table WHERE id = $iId"</span><span class="pun" style="margin: 0px; padding: 0px; border: 0px; color: rgb(48, 51, 54);">;</span></code></pre>', 0, '2016-10-18 17:45:03', 0),
(185, 42, 'hyma', '<p style="margin-bottom: 1em; padding: 0px; border: 0px; font-size: 15px; clear: both; color: rgb(36, 39, 41); font-family: Arial, &quot;Helvetica Neue&quot;, Helvetica, sans-serif;">Just override bootstrap.css</p><p style="margin-bottom: 1em; padding: 0px; border: 0px; font-size: 15px; clear: both; color: rgb(36, 39, 41); font-family: Arial, &quot;Helvetica Neue&quot;, Helvetica, sans-serif;">The default value in BS2 is max-width:200px; So you can increase it with whatever fits your needs.</p><pre class="default prettyprint prettyprinted" style="margin-bottom: 1em; padding: 5px; border-width: 0px; border-style: initial; border-color: initial; width: auto; max-height: 600px; font-family: Consolas, Menlo, Monaco, &quot;Lucida Console&quot;, &quot;Liberation Mono&quot;, &quot;DejaVu Sans Mono&quot;, &quot;Bitstream Vera Sans Mono&quot;, &quot;Courier New&quot;, monospace, sans-serif; background-color: rgb(239, 240, 241); color: rgb(57, 51, 24); word-wrap: normal;"><code style="margin: 0px; border: 0px; font-size: 13px; font-family: Consolas, Menlo, Monaco, &quot;Lucida Console&quot;, &quot;Liberation Mono&quot;, &quot;DejaVu Sans Mono&quot;, &quot;Bitstream Vera Sans Mono&quot;, &quot;Courier New&quot;, monospace, sans-serif; background-color: rgb(239, 240, 241); white-space: inherit;"><span class="pun" style="margin: 0px; padding: 0px; border: 0px; color: rgb(48, 51, 54);">.</span><span class="pln" style="margin: 0px; padding: 0px; border: 0px; color: rgb(48, 51, 54);">tooltip</span><span class="pun" style="margin: 0px; padding: 0px; border: 0px; color: rgb(48, 51, 54);">-</span><span class="pln" style="margin: 0px; padding: 0px; border: 0px; color: rgb(48, 51, 54);">inner </span><span class="pun" style="margin: 0px; padding: 0px; border: 0px; color: rgb(48, 51, 54);">{</span><span class="pln" style="margin: 0px; padding: 0px; border: 0px; color: rgb(48, 51, 54);">\n    max</span><span class="pun" style="margin: 0px; padding: 0px; border: 0px; color: rgb(48, 51, 54);">-</span><span class="pln" style="margin: 0px; padding: 0px; border: 0px; color: rgb(48, 51, 54);">width</span><span class="pun" style="margin: 0px; padding: 0px; border: 0px; color: rgb(48, 51, 54);">:</span><span class="pln" style="margin: 0px; padding: 0px; border: 0px; color: rgb(48, 51, 54);"> </span><span class="lit" style="margin: 0px; padding: 0px; border: 0px; color: rgb(125, 39, 39);">350px</span><span class="pun" style="margin: 0px; padding: 0px; border: 0px; color: rgb(48, 51, 54);">;</span><span class="pln" style="margin: 0px; padding: 0px; border: 0px; color: rgb(48, 51, 54);">\n    </span><span class="com" style="margin: 0px; padding: 0px; border: 0px; color: rgb(133, 140, 147);">/* If max-width does not work, try using width instead */</span><span class="pln" style="margin: 0px; padding: 0px; border: 0px; color: rgb(48, 51, 54);">\n    width</span><span class="pun" style="margin: 0px; padding: 0px; border: 0px; color: rgb(48, 51, 54);">:</span><span class="pln" style="margin: 0px; padding: 0px; border: 0px; color: rgb(48, 51, 54);"> </span><span class="lit" style="margin: 0px; padding: 0px; border: 0px; color: rgb(125, 39, 39);">350px</span><span class="pun" style="margin: 0px; padding: 0px; border: 0px; color: rgb(48, 51, 54);">;</span><span class="pln" style="margin: 0px; padding: 0px; border: 0px; color: rgb(48, 51, 54);"> \n</span><span class="pun" style="margin: 0px; padding: 0px; border: 0px; color: rgb(48, 51, 54);">}</span></code></pre>', 0, '2016-11-01 17:43:27', 0),
(186, 43, 'hyma', '<p style="margin-bottom: 1em; padding: 0px; border: 0px; font-size: 15px; clear: both; color: rgb(36, 39, 41); font-family: Arial, &quot;Helvetica Neue&quot;, Helvetica, sans-serif;">The US Customs and Border Protection website states that there is no limit to the amount of currency that can be brought into or taken out of the US.</p><blockquote style="margin-bottom: 10px; padding-right: 10px; padding-left: 10px; border-width: 0px 0px 0px 2px; border-top-style: initial; border-right-style: initial; border-bottom-style: initial; border-top-color: initial; border-right-color: initial; border-bottom-color: initial; border-left-color: rgb(255, 235, 142); border-image: initial; font-size: 15px; quotes: none; background-color: rgb(255, 249, 227); color: rgb(36, 39, 41); font-family: Arial, &quot;Helvetica Neue&quot;, Helvetica, sans-serif;"><p style="padding: 0px; border: 0px; clear: both;">There is no limit on the amount of money that can be taken out of or brought into the United States. However, if a person or persons traveling together and filing a joint declaration (CBP Form 6059-B) have $10,000 or more in currency or negotiable monetary instruments, they must fill out a "Report of International Transportation of Currency and Monetary Instruments" FinCEN 105 (former CF 4790).</p></blockquote><p style="margin-bottom: 1em; padding: 0px; border: 0px; font-size: 15px; clear: both; color: rgb(36, 39, 41); font-family: Arial, &quot;Helvetica Neue&quot;, Helvetica, sans-serif;">The CBP site also notes that failure to declare currency and monetary instruments in excess of $10,000 may result in its seizure.</p><p style="margin-bottom: 1em; padding: 0px; border: 0px; font-size: 15px; clear: both; color: rgb(36, 39, 41); font-family: Arial, &quot;Helvetica Neue&quot;, Helvetica, sans-serif;">Further, the site states that the requirement to report currency on a FinCEN 105 does not apply to imports of gold bullion.</p><p style="margin-bottom: 1em; padding: 0px; border: 0px; font-size: 15px; clear: both; color: rgb(36, 39, 41); font-family: Arial, &quot;Helvetica Neue&quot;, Helvetica, sans-serif;">However, the legal website&nbsp;<a href="http://thelawdictionary.org/article/how-to-bring-cash-legally-into-the-united-states/" style="margin: 0px; padding: 0px; border: 0px; color: rgb(23, 100, 156); cursor: pointer;">The Law Dictionary</a>&nbsp;includes details of how money laundering laws may come into play here :</p><blockquote style="margin-bottom: 10px; padding-right: 10px; padding-left: 10px; border-width: 0px 0px 0px 2px; border-top-style: initial; border-right-style: initial; border-bottom-style: initial; border-top-color: initial; border-right-color: initial; border-bottom-color: initial; border-left-color: rgb(255, 235, 142); border-image: initial; font-size: 15px; quotes: none; background-color: rgb(255, 249, 227); color: rgb(36, 39, 41); font-family: Arial, &quot;Helvetica Neue&quot;, Helvetica, sans-serif;"><p style="padding: 0px; border: 0px; clear: both;">As part of the War on Terror and the War on Drugs, U.S. law enforcement agencies have significantly increased their vigilance over money laundering. To this effect, travelers who carry large amounts of cash without supporting documentation of its legitimate source may be subject to secondary inspections and seizure of funds. In some cases, law enforcement may confiscate cash in excess of $10,000 until supporting documents are produced.</p></blockquote>', 0, '2016-10-18 17:49:56', 0),
(187, 44, 'hyma', '<p style="margin-bottom: 1em; padding: 0px; border: 0px; font-size: 15px; clear: both; color: rgb(36, 39, 41); font-family: Arial, &quot;Helvetica Neue&quot;, Helvetica, sans-serif;">You have two issues. The damages due to your breaking of the lease and those related to the physical condition of the unit. Landlord Tenant Law for your state will cover the rules for both types of damages. The physical condition of the unit would have been an issue even if the lease had run to completion.</p><p style="margin-bottom: 1em; padding: 0px; border: 0px; font-size: 15px; clear: both; color: rgb(36, 39, 41); font-family: Arial, &quot;Helvetica Neue&quot;, Helvetica, sans-serif;">Get a hold of the rules for your state to make sure you understand what the landlord must do to re-rent the unit. What you are responsible for if they can''t. Also find out what the landlord has to do regarding documenting the physical damages and the costs. If you want to dispute the damages you might have to go to small claims court or mediation depend on the rules of your state.</p><p style="margin-bottom: 1em; padding: 0px; border: 0px; font-size: 15px; clear: both; color: rgb(36, 39, 41); font-family: Arial, &quot;Helvetica Neue&quot;, Helvetica, sans-serif;">The landlord was also responsible for make sure the unit met a standard for habitability. Again the rules are set by the state. be prepared to document your requests for repairs. The law will set the types of repairs that must be made within a set time.</p><p style="margin-bottom: 1em; padding: 0px; border: 0px; font-size: 15px; clear: both; color: rgb(36, 39, 41); font-family: Arial, &quot;Helvetica Neue&quot;, Helvetica, sans-serif;">Before it gets to a collection agency you should exercise your rights to appeal.</p>', 0, '2016-10-18 20:48:21', 0),
(188, 39, 'hyma', '<p style="margin-bottom: 1em; padding: 0px; border: 0px; font-size: 15px; clear: both; color: rgb(36, 39, 41); font-family: Arial, &quot;Helvetica Neue&quot;, Helvetica, sans-serif;">Since you know how many types of layout you would have - it''s possible to use those methods.</p><p style="margin-bottom: 1em; padding: 0px; border: 0px; font-size: 15px; clear: both; color: rgb(36, 39, 41); font-family: Arial, &quot;Helvetica Neue&quot;, Helvetica, sans-serif;"><code style="margin: 0px; padding: 1px 5px; border: 0px; font-size: 13px; font-family: Consolas, Menlo, Monaco, &quot;Lucida Console&quot;, &quot;Liberation Mono&quot;, &quot;DejaVu Sans Mono&quot;, &quot;Bitstream Vera Sans Mono&quot;, &quot;Courier New&quot;, monospace, sans-serif; background-color: rgb(239, 240, 241); white-space: pre-wrap;">getViewTypeCount()</code>&nbsp;- this methods returns information how many types of rows do you have in your list</p><p style="margin-bottom: 1em; padding: 0px; border: 0px; font-size: 15px; clear: both; color: rgb(36, 39, 41); font-family: Arial, &quot;Helvetica Neue&quot;, Helvetica, sans-serif;"><code style="margin: 0px; padding: 1px 5px; border: 0px; font-size: 13px; font-family: Consolas, Menlo, Monaco, &quot;Lucida Console&quot;, &quot;Liberation Mono&quot;, &quot;DejaVu Sans Mono&quot;, &quot;Bitstream Vera Sans Mono&quot;, &quot;Courier New&quot;, monospace, sans-serif; background-color: rgb(239, 240, 241); white-space: pre-wrap;">getItemViewType(int position)</code>&nbsp;- returns information which layout type you should use based on position</p><p style="margin-bottom: 1em; padding: 0px; border: 0px; font-size: 15px; clear: both; color: rgb(36, 39, 41); font-family: Arial, &quot;Helvetica Neue&quot;, Helvetica, sans-serif;">Then you inflate layout only if it''s null and determine type using&nbsp;<code style="margin: 0px; padding: 1px 5px; border: 0px; font-size: 13px; font-family: Consolas, Menlo, Monaco, &quot;Lucida Console&quot;, &quot;Liberation Mono&quot;, &quot;DejaVu Sans Mono&quot;, &quot;Bitstream Vera Sans Mono&quot;, &quot;Courier New&quot;, monospace, sans-serif; background-color: rgb(239, 240, 241); white-space: pre-wrap;">getItemViewType</code>.</p><p style="margin-bottom: 1em; padding: 0px; border: 0px; font-size: 15px; clear: both; color: rgb(36, 39, 41); font-family: Arial, &quot;Helvetica Neue&quot;, Helvetica, sans-serif;">Look at&nbsp;<strong style="margin: 0px; padding: 0px; border: 0px;"><a href="http://android.amberfog.com/?p=296" style="margin: 0px; padding: 0px; border: 0px; color: rgb(0, 89, 153); cursor: pointer;">this tutorial</a></strong>&nbsp;for further information.</p><p style="margin-bottom: 1em; padding: 0px; border: 0px; font-size: 15px; clear: both; color: rgb(36, 39, 41); font-family: Arial, &quot;Helvetica Neue&quot;, Helvetica, sans-serif;">To achieve some optimizations in structure that you''ve described in comment I would suggest:</p><ul style="margin-right: 0px; margin-bottom: 1em; margin-left: 30px; padding: 0px; border: 0px; font-size: 15px; color: rgb(36, 39, 41); font-family: Arial, &quot;Helvetica Neue&quot;, Helvetica, sans-serif;"><li style="margin: 0px 0px 0.5em; padding: 0px; border: 0px; word-wrap: break-word;">Storing views in object called&nbsp;<code style="margin: 0px; padding: 1px 5px; border: 0px; font-size: 13px; font-family: Consolas, Menlo, Monaco, &quot;Lucida Console&quot;, &quot;Liberation Mono&quot;, &quot;DejaVu Sans Mono&quot;, &quot;Bitstream Vera Sans Mono&quot;, &quot;Courier New&quot;, monospace, sans-serif; background-color: rgb(239, 240, 241); white-space: pre-wrap;">ViewHolder</code>. It would increase speed because you won''t have to call&nbsp;<code style="margin: 0px; padding: 1px 5px; border: 0px; font-size: 13px; font-family: Consolas, Menlo, Monaco, &quot;Lucida Console&quot;, &quot;Liberation Mono&quot;, &quot;DejaVu Sans Mono&quot;, &quot;Bitstream Vera Sans Mono&quot;, &quot;Courier New&quot;, monospace, sans-serif; background-color: rgb(239, 240, 241); white-space: pre-wrap;">findViewById()</code>&nbsp;every time in&nbsp;<code style="margin: 0px; padding: 1px 5px; border: 0px; font-size: 13px; font-family: Consolas, Menlo, Monaco, &quot;Lucida Console&quot;, &quot;Liberation Mono&quot;, &quot;DejaVu Sans Mono&quot;, &quot;Bitstream Vera Sans Mono&quot;, &quot;Courier New&quot;, monospace, sans-serif; background-color: rgb(239, 240, 241); white-space: pre-wrap;">getView</code>&nbsp;method. See&nbsp;<a href="http://developer.android.com/resources/samples/ApiDemos/src/com/example/android/apis/view/List14.html" style="margin: 0px; padding: 0px; border: 0px; color: rgb(0, 89, 153); cursor: pointer;">List14 in API demos</a>.</li><li style="margin: 0px; padding: 0px; border: 0px; word-wrap: break-word;">Create one generic layout that will conform all combinations of properties and hide some elements if current position doesn''t have it.</li></ul><p style="margin-bottom: 1em; padding: 0px; border: 0px; font-size: 15px; clear: both; color: rgb(36, 39, 41); font-family: Arial, &quot;Helvetica Neue&quot;, Helvetica, sans-serif;">I hope that will help you. If you could provide some XML stub with your data structure and information how exactly you want to map it into row, I would be able to give you more precise advise. By pixel.</p>', 1, '2016-11-22 02:23:04', 0),
(192, 44, 'hyma', '<div class="post-text" itemprop="text" style="margin: 0px 0px 5px; padding: 0px; border: 0px; font-size: 15px; width: 660px; word-wrap: break-word; line-height: 1.3; color: rgb(36, 39, 41); font-family: Arial, &quot;Helvetica Neue&quot;, Helvetica, sans-serif;"><p style="margin-bottom: 1em; padding: 0px; border: 0px; clear: both;">You could argue that it was a "constructive eviction" -- i.e. conditions are so bad that it is as if they were evicting you.</p><p style="margin-bottom: 1em; padding: 0px; border: 0px; clear: both;">One thing I am not clear on is, you said they said you didn''t pay enough. Did anything come of that? Did they evict you? If they evicted you, you could argue that it was them breaking the lease.</p><p style="margin-bottom: 1em; padding: 0px; border: 0px; clear: both;">The things you can expect fall into two parts:</p><ul style="margin-right: 0px; margin-bottom: 1em; margin-left: 30px; padding: 0px; border: 0px;"><li style="margin: 0px 0px 0.5em; padding: 0px; border: 0px; word-wrap: break-word;">Your claims against the landlord: The landlord will not return your deposit. If you think you are right, and have a right to the deposit back, you have to go to court to sue them for the deposit. Or, you can wait for if the landlord sues you (see below) and only in that case file a counterclaim.</li><li style="margin: 0px; padding: 0px; border: 0px; word-wrap: break-word;">The landlord''s claims against you: The landlord will hold you liable for the rent from now until they find someone to rent it again, plus the damages. If the deposit is not enough to cover this, the landlord will send you a bill, and then they may 1) Sue you; or, 2) they may decide that it''s not worth it to sue and send it to a collection agency and put a bad mark on your credit report.</li></ul><p style="margin-bottom: 1em; padding: 0px; border: 0px; clear: both;">If they put something on your credit report, you can dispute it and get it thrown out. If it goes to a collection agency, they may call you and harass you and threaten you. But you have a right under the Fair Debt Collection Practices Act to have them stop calling you. Just remember to never agree to anything.</p><p style="margin-bottom: 1em; padding: 0px; border: 0px; clear: both;">Or they could sue you. At the end of the day, the only real potential consequence is them (either the landlord or a collection agency) suing you. Short of suing you and winning, nothing they do can have any legal effect on you.</p><div><br></div></div>', 0, '2016-10-18 20:48:16', 0);
INSERT INTO `answers` (`aid`, `qid`, `answered_user`, `answer`, `marked`, `a_created`, `votes`) VALUES
(193, 41, 'hyma', '<p style="margin-bottom: 1em; padding: 0px; border: 0px; font-size: 15px; clear: both; color: rgb(36, 39, 41); font-family: Arial, &quot;Helvetica Neue&quot;, Helvetica, sans-serif;">The short answer is&nbsp;<strong style="margin: 0px; padding: 0px; border: 0px;">yes, yes there is a way to get around&nbsp;<code style="margin: 0px; padding: 1px 5px; border: 0px; font-size: 13px; font-family: Consolas, Menlo, Monaco, &quot;Lucida Console&quot;, &quot;Liberation Mono&quot;, &quot;DejaVu Sans Mono&quot;, &quot;Bitstream Vera Sans Mono&quot;, &quot;Courier New&quot;, monospace, sans-serif; background-color: rgb(239, 240, 241); white-space: pre-wrap;">mysql_real_escape_string()</code></strong>.</p><h1 style="margin-top: 0px; margin-bottom: 1em; padding: 0px; border: 0px; font-size: 21px; line-height: 1.3; word-wrap: break-word; color: rgb(36, 39, 41); font-family: Arial, &quot;Helvetica Neue&quot;, Helvetica, sans-serif; font-weight: bold !important;">For Very OBSCURE EDGE CASES!!!</h1><p style="margin-bottom: 1em; padding: 0px; border: 0px; font-size: 15px; clear: both; color: rgb(36, 39, 41); font-family: Arial, &quot;Helvetica Neue&quot;, Helvetica, sans-serif;">The long answer isn''t so easy. It''s based off an attack&nbsp;<a href="http://shiflett.org/blog/2006/jan/addslashes-versus-mysql-real-escape-string" style="margin: 0px; padding: 0px; border: 0px; color: rgb(0, 89, 153); cursor: pointer;">demonstrated here</a>.</p><h1 style="margin-top: 0px; margin-bottom: 1em; padding: 0px; border: 0px; font-size: 21px; line-height: 1.3; word-wrap: break-word; color: rgb(36, 39, 41); font-family: Arial, &quot;Helvetica Neue&quot;, Helvetica, sans-serif; font-weight: bold !important;">The Attack</h1><p style="margin-bottom: 1em; padding: 0px; border: 0px; font-size: 15px; clear: both; color: rgb(36, 39, 41); font-family: Arial, &quot;Helvetica Neue&quot;, Helvetica, sans-serif;">So, let''s start off by showing the attack...</p><pre class="default prettyprint prettyprinted" style="margin-bottom: 1em; padding: 5px; border-width: 0px; border-style: initial; border-color: initial; width: auto; max-height: 600px; font-family: Consolas, Menlo, Monaco, &quot;Lucida Console&quot;, &quot;Liberation Mono&quot;, &quot;DejaVu Sans Mono&quot;, &quot;Bitstream Vera Sans Mono&quot;, &quot;Courier New&quot;, monospace, sans-serif; background-color: rgb(239, 240, 241); color: rgb(57, 51, 24); word-wrap: normal;"><code style="margin: 0px; border: 0px; font-size: 13px; font-family: Consolas, Menlo, Monaco, &quot;Lucida Console&quot;, &quot;Liberation Mono&quot;, &quot;DejaVu Sans Mono&quot;, &quot;Bitstream Vera Sans Mono&quot;, &quot;Courier New&quot;, monospace, sans-serif; background-color: rgb(239, 240, 241); white-space: inherit;"><span class="pln" style="margin: 0px; padding: 0px; border: 0px; color: rgb(48, 51, 54);">mysql_query</span><span class="pun" style="margin: 0px; padding: 0px; border: 0px; color: rgb(48, 51, 54);">(</span><span class="str" style="margin: 0px; padding: 0px; border: 0px; color: rgb(125, 39, 39);">''SET NAMES gbk''</span><span class="pun" style="margin: 0px; padding: 0px; border: 0px; color: rgb(48, 51, 54);">);</span><span class="pln" style="margin: 0px; padding: 0px; border: 0px; color: rgb(48, 51, 54);">\n$var </span><span class="pun" style="margin: 0px; padding: 0px; border: 0px; color: rgb(48, 51, 54);">=</span><span class="pln" style="margin: 0px; padding: 0px; border: 0px; color: rgb(48, 51, 54);"> mysql_real_escape_string</span><span class="pun" style="margin: 0px; padding: 0px; border: 0px; color: rgb(48, 51, 54);">(</span><span class="str" style="margin: 0px; padding: 0px; border: 0px; color: rgb(125, 39, 39);">"\\xbf\\x27 OR 1=1 /*"</span><span class="pun" style="margin: 0px; padding: 0px; border: 0px; color: rgb(48, 51, 54);">);</span><span class="pln" style="margin: 0px; padding: 0px; border: 0px; color: rgb(48, 51, 54);">\nmysql_query</span><span class="pun" style="margin: 0px; padding: 0px; border: 0px; color: rgb(48, 51, 54);">(</span><span class="str" style="margin: 0px; padding: 0px; border: 0px; color: rgb(125, 39, 39);">"SELECT * FROM test WHERE name = ''$var'' LIMIT 1"</span><span class="pun" style="margin: 0px; padding: 0px; border: 0px; color: rgb(48, 51, 54);">);</span></code></pre><p style="margin-bottom: 1em; padding: 0px; border: 0px; font-size: 15px; clear: both; color: rgb(36, 39, 41); font-family: Arial, &quot;Helvetica Neue&quot;, Helvetica, sans-serif;">In certain circumstances, that will return more than 1 row. Let''s dissect what''s going on here:</p><ol style="margin-right: 0px; margin-bottom: 1em; margin-left: 30px; padding: 0px; border: 0px; font-size: 15px; color: rgb(36, 39, 41); font-family: Arial, &quot;Helvetica Neue&quot;, Helvetica, sans-serif;"><li style="margin: 0px 0px 0.5em; padding: 0px; border: 0px; word-wrap: break-word;"><p style="margin-bottom: 1em; padding: 0px; border: 0px; clear: both;"><strong style="margin: 0px; padding: 0px; border: 0px;">Selecting a Character Set</strong></p><pre class="default prettyprint prettyprinted" style="margin-top: 0.5em; margin-bottom: 1em; padding: 5px; border-width: 0px; border-style: initial; border-color: initial; width: auto; max-height: 600px; font-family: Consolas, Menlo, Monaco, &quot;Lucida Console&quot;, &quot;Liberation Mono&quot;, &quot;DejaVu Sans Mono&quot;, &quot;Bitstream Vera Sans Mono&quot;, &quot;Courier New&quot;, monospace, sans-serif; background-color: rgb(239, 240, 241); color: rgb(57, 51, 24); word-wrap: normal;"><code style="margin: 0px; border: 0px; font-size: 13px; font-family: Consolas, Menlo, Monaco, &quot;Lucida Console&quot;, &quot;Liberation Mono&quot;, &quot;DejaVu Sans Mono&quot;, &quot;Bitstream Vera Sans Mono&quot;, &quot;Courier New&quot;, monospace, sans-serif; background-color: rgb(239, 240, 241); white-space: inherit;"><span class="pln" style="margin: 0px; padding: 0px; border: 0px; color: rgb(48, 51, 54);">mysql_query</span><span class="pun" style="margin: 0px; padding: 0px; border: 0px; color: rgb(48, 51, 54);">(</span><span class="str" style="margin: 0px; padding: 0px; border: 0px; color: rgb(125, 39, 39);">''SET NAMES gbk''</span><span class="pun" style="margin: 0px; padding: 0px; border: 0px; color: rgb(48, 51, 54);">);</span></code></pre><p style="margin-bottom: 1em; padding: 0px; border: 0px; clear: both;">For this attack to work, we need the encoding that the server''s expecting on the connection both to encode&nbsp;<code style="margin: 0px; padding: 1px 5px; border: 0px; font-size: 13px; font-family: Consolas, Menlo, Monaco, &quot;Lucida Console&quot;, &quot;Liberation Mono&quot;, &quot;DejaVu Sans Mono&quot;, &quot;Bitstream Vera Sans Mono&quot;, &quot;Courier New&quot;, monospace, sans-serif; background-color: rgb(239, 240, 241); white-space: pre-wrap;">''</code>&nbsp;as in ASCII i.e.&nbsp;<code style="margin: 0px; padding: 1px 5px; border: 0px; font-size: 13px; font-family: Consolas, Menlo, Monaco, &quot;Lucida Console&quot;, &quot;Liberation Mono&quot;, &quot;DejaVu Sans Mono&quot;, &quot;Bitstream Vera Sans Mono&quot;, &quot;Courier New&quot;, monospace, sans-serif; background-color: rgb(239, 240, 241); white-space: pre-wrap;">0x27</code>&nbsp;<em style="margin: 0px; padding: 0px; border: 0px;">and</em>&nbsp;to have some character whose final byte is an ASCII&nbsp;<code style="margin: 0px; padding: 1px 5px; border: 0px; font-size: 13px; font-family: Consolas, Menlo, Monaco, &quot;Lucida Console&quot;, &quot;Liberation Mono&quot;, &quot;DejaVu Sans Mono&quot;, &quot;Bitstream Vera Sans Mono&quot;, &quot;Courier New&quot;, monospace, sans-serif; background-color: rgb(239, 240, 241); white-space: pre-wrap;">\\</code>&nbsp;i.e.&nbsp;<code style="margin: 0px; padding: 1px 5px; border: 0px; font-size: 13px; font-family: Consolas, Menlo, Monaco, &quot;Lucida Console&quot;, &quot;Liberation Mono&quot;, &quot;DejaVu Sans Mono&quot;, &quot;Bitstream Vera Sans Mono&quot;, &quot;Courier New&quot;, monospace, sans-serif; background-color: rgb(239, 240, 241); white-space: pre-wrap;">0x5c</code>. As it turns out, there are 5 such encodings supported in MySQL 5.6 by default:&nbsp;<code style="margin: 0px; padding: 1px 5px; border: 0px; font-size: 13px; font-family: Consolas, Menlo, Monaco, &quot;Lucida Console&quot;, &quot;Liberation Mono&quot;, &quot;DejaVu Sans Mono&quot;, &quot;Bitstream Vera Sans Mono&quot;, &quot;Courier New&quot;, monospace, sans-serif; background-color: rgb(239, 240, 241); white-space: pre-wrap;">big5</code>,&nbsp;<code style="margin: 0px; padding: 1px 5px; border: 0px; font-size: 13px; font-family: Consolas, Menlo, Monaco, &quot;Lucida Console&quot;, &quot;Liberation Mono&quot;, &quot;DejaVu Sans Mono&quot;, &quot;Bitstream Vera Sans Mono&quot;, &quot;Courier New&quot;, monospace, sans-serif; background-color: rgb(239, 240, 241); white-space: pre-wrap;">cp932</code>,&nbsp;<code style="margin: 0px; padding: 1px 5px; border: 0px; font-size: 13px; font-family: Consolas, Menlo, Monaco, &quot;Lucida Console&quot;, &quot;Liberation Mono&quot;, &quot;DejaVu Sans Mono&quot;, &quot;Bitstream Vera Sans Mono&quot;, &quot;Courier New&quot;, monospace, sans-serif; background-color: rgb(239, 240, 241); white-space: pre-wrap;">gb2312</code>,&nbsp;<code style="margin: 0px; padding: 1px 5px; border: 0px; font-size: 13px; font-family: Consolas, Menlo, Monaco, &quot;Lucida Console&quot;, &quot;Liberation Mono&quot;, &quot;DejaVu Sans Mono&quot;, &quot;Bitstream Vera Sans Mono&quot;, &quot;Courier New&quot;, monospace, sans-serif; background-color: rgb(239, 240, 241); white-space: pre-wrap;">gbk</code>&nbsp;and&nbsp;<code style="margin: 0px; padding: 1px 5px; border: 0px; font-size: 13px; font-family: Consolas, Menlo, Monaco, &quot;Lucida Console&quot;, &quot;Liberation Mono&quot;, &quot;DejaVu Sans Mono&quot;, &quot;Bitstream Vera Sans Mono&quot;, &quot;Courier New&quot;, monospace, sans-serif; background-color: rgb(239, 240, 241); white-space: pre-wrap;">sjis</code>. We''ll select&nbsp;<code style="margin: 0px; padding: 1px 5px; border: 0px; font-size: 13px; font-family: Consolas, Menlo, Monaco, &quot;Lucida Console&quot;, &quot;Liberation Mono&quot;, &quot;DejaVu Sans Mono&quot;, &quot;Bitstream Vera Sans Mono&quot;, &quot;Courier New&quot;, monospace, sans-serif; background-color: rgb(239, 240, 241); white-space: pre-wrap;">gbk</code>&nbsp;here.</p><p style="margin-bottom: 0px; padding: 0px; border: 0px; clear: both;">Now, it''s very important to note the use of&nbsp;<code style="margin: 0px; padding: 1px 5px; border: 0px; font-size: 13px; font-family: Consolas, Menlo, Monaco, &quot;Lucida Console&quot;, &quot;Liberation Mono&quot;, &quot;DejaVu Sans Mono&quot;, &quot;Bitstream Vera Sans Mono&quot;, &quot;Courier New&quot;, monospace, sans-serif; background-color: rgb(239, 240, 241); white-space: pre-wrap;">SET NAMES</code>&nbsp;here. This sets the character set&nbsp;<strong style="margin: 0px; padding: 0px; border: 0px;">ON THE SERVER</strong>. If we used the call to the C API function&nbsp;<code style="margin: 0px; padding: 1px 5px; border: 0px; font-size: 13px; font-family: Consolas, Menlo, Monaco, &quot;Lucida Console&quot;, &quot;Liberation Mono&quot;, &quot;DejaVu Sans Mono&quot;, &quot;Bitstream Vera Sans Mono&quot;, &quot;Courier New&quot;, monospace, sans-serif; background-color: rgb(239, 240, 241); white-space: pre-wrap;">mysql_set_charset()</code>, we''d be fine (on MySQL releases since 2006). But more on why in a minute...</p></li><li style="margin: 0px 0px 0.5em; padding: 0px; border: 0px; word-wrap: break-word;"><p style="margin-bottom: 1em; padding: 0px; border: 0px; clear: both;"><strong style="margin: 0px; padding: 0px; border: 0px;">The Payload</strong></p><p style="margin-bottom: 1em; padding: 0px; border: 0px; clear: both;">The payload we''re going to use for this injection starts with the byte sequence&nbsp;<code style="margin: 0px; padding: 1px 5px; border: 0px; font-size: 13px; font-family: Consolas, Menlo, Monaco, &quot;Lucida Console&quot;, &quot;Liberation Mono&quot;, &quot;DejaVu Sans Mono&quot;, &quot;Bitstream Vera Sans Mono&quot;, &quot;Courier New&quot;, monospace, sans-serif; background-color: rgb(239, 240, 241); white-space: pre-wrap;">0xbf27</code>. In&nbsp;<code style="margin: 0px; padding: 1px 5px; border: 0px; font-size: 13px; font-family: Consolas, Menlo, Monaco, &quot;Lucida Console&quot;, &quot;Liberation Mono&quot;, &quot;DejaVu Sans Mono&quot;, &quot;Bitstream Vera Sans Mono&quot;, &quot;Courier New&quot;, monospace, sans-serif; background-color: rgb(239, 240, 241); white-space: pre-wrap;">gbk</code>, that''s an invalid multibyte character; in&nbsp;<code style="margin: 0px; padding: 1px 5px; border: 0px; font-size: 13px; font-family: Consolas, Menlo, Monaco, &quot;Lucida Console&quot;, &quot;Liberation Mono&quot;, &quot;DejaVu Sans Mono&quot;, &quot;Bitstream Vera Sans Mono&quot;, &quot;Courier New&quot;, monospace, sans-serif; background-color: rgb(239, 240, 241); white-space: pre-wrap;">latin1</code>, it''s the string&nbsp;<code style="margin: 0px; padding: 1px 5px; border: 0px; font-size: 13px; font-family: Consolas, Menlo, Monaco, &quot;Lucida Console&quot;, &quot;Liberation Mono&quot;, &quot;DejaVu Sans Mono&quot;, &quot;Bitstream Vera Sans Mono&quot;, &quot;Courier New&quot;, monospace, sans-serif; background-color: rgb(239, 240, 241); white-space: pre-wrap;">¿''</code>. Note that in&nbsp;<code style="margin: 0px; padding: 1px 5px; border: 0px; font-size: 13px; font-family: Consolas, Menlo, Monaco, &quot;Lucida Console&quot;, &quot;Liberation Mono&quot;, &quot;DejaVu Sans Mono&quot;, &quot;Bitstream Vera Sans Mono&quot;, &quot;Courier New&quot;, monospace, sans-serif; background-color: rgb(239, 240, 241); white-space: pre-wrap;">latin1</code><strong style="margin: 0px; padding: 0px; border: 0px;">and</strong>&nbsp;<code style="margin: 0px; padding: 1px 5px; border: 0px; font-size: 13px; font-family: Consolas, Menlo, Monaco, &quot;Lucida Console&quot;, &quot;Liberation Mono&quot;, &quot;DejaVu Sans Mono&quot;, &quot;Bitstream Vera Sans Mono&quot;, &quot;Courier New&quot;, monospace, sans-serif; background-color: rgb(239, 240, 241); white-space: pre-wrap;">gbk</code>,&nbsp;<code style="margin: 0px; padding: 1px 5px; border: 0px; font-size: 13px; font-family: Consolas, Menlo, Monaco, &quot;Lucida Console&quot;, &quot;Liberation Mono&quot;, &quot;DejaVu Sans Mono&quot;, &quot;Bitstream Vera Sans Mono&quot;, &quot;Courier New&quot;, monospace, sans-serif; background-color: rgb(239, 240, 241); white-space: pre-wrap;">0x27</code>&nbsp;on its own is a literal&nbsp;<code style="margin: 0px; padding: 1px 5px; border: 0px; font-size: 13px; font-family: Consolas, Menlo, Monaco, &quot;Lucida Console&quot;, &quot;Liberation Mono&quot;, &quot;DejaVu Sans Mono&quot;, &quot;Bitstream Vera Sans Mono&quot;, &quot;Courier New&quot;, monospace, sans-serif; background-color: rgb(239, 240, 241); white-space: pre-wrap;">''</code>&nbsp;character.</p><p style="margin-bottom: 0px; padding: 0px; border: 0px; clear: both;">We have chosen this payload because, if we called&nbsp;<code style="margin: 0px; padding: 1px 5px; border: 0px; font-size: 13px; font-family: Consolas, Menlo, Monaco, &quot;Lucida Console&quot;, &quot;Liberation Mono&quot;, &quot;DejaVu Sans Mono&quot;, &quot;Bitstream Vera Sans Mono&quot;, &quot;Courier New&quot;, monospace, sans-serif; background-color: rgb(239, 240, 241); white-space: pre-wrap;">addslashes()</code>&nbsp;on it, we''d insert an ASCII&nbsp;<code style="margin: 0px; padding: 1px 5px; border: 0px; font-size: 13px; font-family: Consolas, Menlo, Monaco, &quot;Lucida Console&quot;, &quot;Liberation Mono&quot;, &quot;DejaVu Sans Mono&quot;, &quot;Bitstream Vera Sans Mono&quot;, &quot;Courier New&quot;, monospace, sans-serif; background-color: rgb(239, 240, 241); white-space: pre-wrap;">\\</code>&nbsp;i.e.&nbsp;<code style="margin: 0px; padding: 1px 5px; border: 0px; font-size: 13px; font-family: Consolas, Menlo, Monaco, &quot;Lucida Console&quot;, &quot;Liberation Mono&quot;, &quot;DejaVu Sans Mono&quot;, &quot;Bitstream Vera Sans Mono&quot;, &quot;Courier New&quot;, monospace, sans-serif; background-color: rgb(239, 240, 241); white-space: pre-wrap;">0x5c</code>, before the&nbsp;<code style="margin: 0px; padding: 1px 5px; border: 0px; font-size: 13px; font-family: Consolas, Menlo, Monaco, &quot;Lucida Console&quot;, &quot;Liberation Mono&quot;, &quot;DejaVu Sans Mono&quot;, &quot;Bitstream Vera Sans Mono&quot;, &quot;Courier New&quot;, monospace, sans-serif; background-color: rgb(239, 240, 241); white-space: pre-wrap;">''</code>&nbsp;character. So we''d wind up with&nbsp;<code style="margin: 0px; padding: 1px 5px; border: 0px; font-size: 13px; font-family: Consolas, Menlo, Monaco, &quot;Lucida Console&quot;, &quot;Liberation Mono&quot;, &quot;DejaVu Sans Mono&quot;, &quot;Bitstream Vera Sans Mono&quot;, &quot;Courier New&quot;, monospace, sans-serif; background-color: rgb(239, 240, 241); white-space: pre-wrap;">0xbf5c27</code>, which in&nbsp;<code style="margin: 0px; padding: 1px 5px; border: 0px; font-size: 13px; font-family: Consolas, Menlo, Monaco, &quot;Lucida Console&quot;, &quot;Liberation Mono&quot;, &quot;DejaVu Sans Mono&quot;, &quot;Bitstream Vera Sans Mono&quot;, &quot;Courier New&quot;, monospace, sans-serif; background-color: rgb(239, 240, 241); white-space: pre-wrap;">gbk</code>&nbsp;is a two character sequence:&nbsp;<code style="margin: 0px; padding: 1px 5px; border: 0px; font-size: 13px; font-family: Consolas, Menlo, Monaco, &quot;Lucida Console&quot;, &quot;Liberation Mono&quot;, &quot;DejaVu Sans Mono&quot;, &quot;Bitstream Vera Sans Mono&quot;, &quot;Courier New&quot;, monospace, sans-serif; background-color: rgb(239, 240, 241); white-space: pre-wrap;">0xbf5c</code>&nbsp;followed by&nbsp;<code style="margin: 0px; padding: 1px 5px; border: 0px; font-size: 13px; font-family: Consolas, Menlo, Monaco, &quot;Lucida Console&quot;, &quot;Liberation Mono&quot;, &quot;DejaVu Sans Mono&quot;, &quot;Bitstream Vera Sans Mono&quot;, &quot;Courier New&quot;, monospace, sans-serif; background-color: rgb(239, 240, 241); white-space: pre-wrap;">0x27</code>. Or in other words, a&nbsp;<em style="margin: 0px; padding: 0px; border: 0px;">valid</em>&nbsp;character followed by an unescaped&nbsp;<code style="margin: 0px; padding: 1px 5px; border: 0px; font-size: 13px; font-family: Consolas, Menlo, Monaco, &quot;Lucida Console&quot;, &quot;Liberation Mono&quot;, &quot;DejaVu Sans Mono&quot;, &quot;Bitstream Vera Sans Mono&quot;, &quot;Courier New&quot;, monospace, sans-serif; background-color: rgb(239, 240, 241); white-space: pre-wrap;">''</code>. But we''re not using&nbsp;<code style="margin: 0px; padding: 1px 5px; border: 0px; font-size: 13px; font-family: Consolas, Menlo, Monaco, &quot;Lucida Console&quot;, &quot;Liberation Mono&quot;, &quot;DejaVu Sans Mono&quot;, &quot;Bitstream Vera Sans Mono&quot;, &quot;Courier New&quot;, monospace, sans-serif; background-color: rgb(239, 240, 241); white-space: pre-wrap;">addslashes()</code>. So on to the next step...</p></li><li style="margin: 0px 0px 0.5em; padding: 0px; border: 0px; word-wrap: break-word;"><p style="margin-bottom: 1em; padding: 0px; border: 0px; clear: both;"><strong style="margin: 0px; padding: 0px; border: 0px;">mysql_real_escape_string()</strong></p><p style="margin-bottom: 1em; padding: 0px; border: 0px; clear: both;">The C API call to&nbsp;<code style="margin: 0px; padding: 1px 5px; border: 0px; font-size: 13px; font-family: Consolas, Menlo, Monaco, &quot;Lucida Console&quot;, &quot;Liberation Mono&quot;, &quot;DejaVu Sans Mono&quot;, &quot;Bitstream Vera Sans Mono&quot;, &quot;Courier New&quot;, monospace, sans-serif; background-color: rgb(239, 240, 241); white-space: pre-wrap;">mysql_real_escape_string()</code>&nbsp;differs from&nbsp;<code style="margin: 0px; padding: 1px 5px; border: 0px; font-size: 13px; font-family: Consolas, Menlo, Monaco, &quot;Lucida Console&quot;, &quot;Liberation Mono&quot;, &quot;DejaVu Sans Mono&quot;, &quot;Bitstream Vera Sans Mono&quot;, &quot;Courier New&quot;, monospace, sans-serif; background-color: rgb(239, 240, 241); white-space: pre-wrap;">addslashes()</code>&nbsp;in that it knows the connection character set. So it can perform the escaping properly for the character set that the server is expecting. However, up to this point, the client thinks that we''re still using&nbsp;<code style="margin: 0px; padding: 1px 5px; border: 0px; font-size: 13px; font-family: Consolas, Menlo, Monaco, &quot;Lucida Console&quot;, &quot;Liberation Mono&quot;, &quot;DejaVu Sans Mono&quot;, &quot;Bitstream Vera Sans Mono&quot;, &quot;Courier New&quot;, monospace, sans-serif; background-color: rgb(239, 240, 241); white-space: pre-wrap;">latin1</code>&nbsp;for the connection, because we never told it otherwise. We did tell the&nbsp;<em style="margin: 0px; padding: 0px; border: 0px;">server</em>&nbsp;we''re using&nbsp;<code style="margin: 0px; padding: 1px 5px; border: 0px; font-size: 13px; font-family: Consolas, Menlo, Monaco, &quot;Lucida Console&quot;, &quot;Liberation Mono&quot;, &quot;DejaVu Sans Mono&quot;, &quot;Bitstream Vera Sans Mono&quot;, &quot;Courier New&quot;, monospace, sans-serif; background-color: rgb(239, 240, 241); white-space: pre-wrap;">gbk</code>, but the&nbsp;<em style="margin: 0px; padding: 0px; border: 0px;">client</em>&nbsp;still thinks it''s&nbsp;<code style="margin: 0px; padding: 1px 5px; border: 0px; font-size: 13px; font-family: Consolas, Menlo, Monaco, &quot;Lucida Console&quot;, &quot;Liberation Mono&quot;, &quot;DejaVu Sans Mono&quot;, &quot;Bitstream Vera Sans Mono&quot;, &quot;Courier New&quot;, monospace, sans-serif; background-color: rgb(239, 240, 241); white-space: pre-wrap;">latin1</code>.</p><p style="margin-bottom: 1em; padding: 0px; border: 0px; clear: both;">Therefore the call to&nbsp;<code style="margin: 0px; padding: 1px 5px; border: 0px; font-size: 13px; font-family: Consolas, Menlo, Monaco, &quot;Lucida Console&quot;, &quot;Liberation Mono&quot;, &quot;DejaVu Sans Mono&quot;, &quot;Bitstream Vera Sans Mono&quot;, &quot;Courier New&quot;, monospace, sans-serif; background-color: rgb(239, 240, 241); white-space: pre-wrap;">mysql_real_escape_string()</code>&nbsp;inserts the backslash, and we have a free hanging&nbsp;<code style="margin: 0px; padding: 1px 5px; border: 0px; font-size: 13px; font-family: Consolas, Menlo, Monaco, &quot;Lucida Console&quot;, &quot;Liberation Mono&quot;, &quot;DejaVu Sans Mono&quot;, &quot;Bitstream Vera Sans Mono&quot;, &quot;Courier New&quot;, monospace, sans-serif; background-color: rgb(239, 240, 241); white-space: pre-wrap;">''</code>&nbsp;character in our "escaped" content! In fact, if we were to look at&nbsp;<code style="margin: 0px; padding: 1px 5px; border: 0px; font-size: 13px; font-family: Consolas, Menlo, Monaco, &quot;Lucida Console&quot;, &quot;Liberation Mono&quot;, &quot;DejaVu Sans Mono&quot;, &quot;Bitstream Vera Sans Mono&quot;, &quot;Courier New&quot;, monospace, sans-serif; background-color: rgb(239, 240, 241); white-space: pre-wrap;">$var</code>&nbsp;in the&nbsp;<code style="margin: 0px; padding: 1px 5px; border: 0px; font-size: 13px; font-family: Consolas, Menlo, Monaco, &quot;Lucida Console&quot;, &quot;Liberation Mono&quot;, &quot;DejaVu Sans Mono&quot;, &quot;Bitstream Vera Sans Mono&quot;, &quot;Courier New&quot;, monospace, sans-serif; background-color: rgb(239, 240, 241); white-space: pre-wrap;">gbk</code>&nbsp;character set, we''d see:</p><pre style="margin-top: 0.5em; margin-bottom: 1em; padding: 5px; border-width: 0px; border-style: initial; border-color: initial; width: auto; max-height: 600px; font-family: Consolas, Menlo, Monaco, &quot;Lucida Console&quot;, &quot;Liberation Mono&quot;, &quot;DejaVu Sans Mono&quot;, &quot;Bitstream Vera Sans Mono&quot;, &quot;Courier New&quot;, monospace, sans-serif; background-color: rgb(239, 240, 241); word-wrap: normal;">縗'' OR 1=1 /*</pre><p style="margin-bottom: 0px; padding: 0px; border: 0px; clear: both;">Which is&nbsp;<a href="https://www.google.com/search?q=%E7%B8%97%27%20OR&amp;oq=%E7%B8%97%27%20OR&amp;aqs=chrome..69i57&amp;sourceid=chrome&amp;es_sm=122&amp;ie=UTF-8" style="margin: 0px; padding: 0px; border: 0px; color: rgb(0, 89, 153); cursor: pointer;">exactly what</a>&nbsp;the attack requires.</p></li><li style="margin: 0px; padding: 0px; border: 0px; word-wrap: break-word;"><p style="margin-bottom: 1em; padding: 0px; border: 0px; clear: both;"><strong style="margin: 0px; padding: 0px; border: 0px;">The Query</strong></p><p style="margin-bottom: 0px; padding: 0px; border: 0px; clear: both;">This part is just a formality, but here''s the rendered query:</p><pre class="lang-sql prettyprint prettyprinted" style="margin-top: 0.5em; margin-bottom: 1em; padding: 5px; border-width: 0px; border-style: initial; border-color: initial; width: auto; max-height: 600px; font-family: Consolas, Menlo, Monaco, &quot;Lucida Console&quot;, &quot;Liberation Mono&quot;, &quot;DejaVu Sans Mono&quot;, &quot;Bitstream Vera Sans Mono&quot;, &quot;Courier New&quot;, monospace, sans-serif; background-color: rgb(239, 240, 241); color: rgb(57, 51, 24); word-wrap: normal;"><code style="margin: 0px; border: 0px; font-size: 13px; font-family: Consolas, Menlo, Monaco, &quot;Lucida Console&quot;, &quot;Liberation Mono&quot;, &quot;DejaVu Sans Mono&quot;, &quot;Bitstream Vera Sans Mono&quot;, &quot;Courier New&quot;, monospace, sans-serif; background-color: rgb(239, 240, 241); white-space: inherit;"><span class="kwd" style="margin: 0px; padding: 0px; border: 0px; color: rgb(16, 16, 148);">SELECT</span><span class="pln" style="margin: 0px; padding: 0px; border: 0px; color: rgb(48, 51, 54);"> </span><span class="pun" style="margin: 0px; padding: 0px; border: 0px; color: rgb(48, 51, 54);">*</span><span class="pln" style="margin: 0px; padding: 0px; border: 0px; color: rgb(48, 51, 54);"> </span><span class="kwd" style="margin: 0px; padding: 0px; border: 0px; color: rgb(16, 16, 148);">FROM</span><span class="pln" style="margin: 0px; padding: 0px; border: 0px; color: rgb(48, 51, 54);"> test </span><span class="kwd" style="margin: 0px; padding: 0px; border: 0px; color: rgb(16, 16, 148);">WHERE</span><span class="pln" style="margin: 0px; padding: 0px; border: 0px; color: rgb(48, 51, 54);"> name </span><span class="pun" style="margin: 0px; padding: 0px; border: 0px; color: rgb(48, 51, 54);">=</span><span class="pln" style="margin: 0px; padding: 0px; border: 0px; color: rgb(48, 51, 54);"> </span><span class="str" style="margin: 0px; padding: 0px; border: 0px; color: rgb(125, 39, 39);">''縗''</span><span class="pln" style="margin: 0px; padding: 0px; border: 0px; color: rgb(48, 51, 54);"> </span><span class="kwd" style="margin: 0px; padding: 0px; border: 0px; color: rgb(16, 16, 148);">OR</span><span class="pln" style="margin: 0px; padding: 0px; border: 0px; color: rgb(48, 51, 54);"> </span><span class="lit" style="margin: 0px; padding: 0px; border: 0px; color: rgb(125, 39, 39);">1</span><span class="pun" style="margin: 0px; padding: 0px; border: 0px; color: rgb(48, 51, 54);">=</span><span class="lit" style="margin: 0px; padding: 0px; border: 0px; color: rgb(125, 39, 39);">1</span><span class="pln" style="margin: 0px; padding: 0px; border: 0px; color: rgb(48, 51, 54);"> </span><span class="com" style="margin: 0px; padding: 0px; border: 0px; color: rgb(133, 140, 147);">/*'' LIMIT 1</span></code></pre></li></ol><p style="margin-bottom: 1em; padding: 0px; border: 0px; font-size: 15px; clear: both; color: rgb(36, 39, 41); font-family: Arial, &quot;Helvetica Neue&quot;, Helvetica, sans-serif;">Congratulations, you just successfully attacked a program using&nbsp;<code style="margin: 0px; padding: 1px 5px; border: 0px; font-size: 13px; font-family: Consolas, Menlo, Monaco, &quot;Lucida Console&quot;, &quot;Liberation Mono&quot;, &quot;DejaVu Sans Mono&quot;, &quot;Bitstream Vera Sans Mono&quot;, &quot;Courier New&quot;, monospace, sans-serif; background-color: rgb(239, 240, 241); white-space: pre-wrap;">mysql_real_escape_string()</code></p>', 0, '2016-10-18 18:08:33', 0),
(194, 45, 'hyma', '<table style="margin: 0px; padding: 0px; border: 0px; font-size: 13px; color: rgb(36, 39, 41); font-family: Arial, &quot;Helvetica Neue&quot;, Helvetica, sans-serif; background-color: rgb(255, 255, 255);"><tbody style="margin: 0px; padding: 0px; border: 0px;"><tr style="margin: 0px; padding: 0px; border: 0px;"><td class="votecell" style="margin: 0px; padding-right: 15px; border: 0px; vertical-align: top;"><div class="vote" style="margin: 0px; padding: 0px; border: 0px; text-align: center; min-width: 46px;"><span itemprop="upvoteCount" class="vote-count-post " style="margin: 8px 0px; padding: 0px; border: 0px; font-size: 20px; display: block; color: rgb(106, 115, 124);"><br class="Apple-interchange-newline"><br></span><a class="vote-down-off" title="This answer is not useful" style="margin: 0px auto 10px; padding: 0px; border: 0px; font-size: 1px; color: rgb(0, 119, 204); cursor: pointer; background-image: url(&quot;img/sprites.svg?v=8c1c8cba242e&quot;), none; background-size: initial; background-repeat: no-repeat; overflow: hidden; display: block; text-indent: -9999em; width: 40px; height: 30px; background-position: 0px -220px;">down vote</a></div></td><td class="answercell" style="margin: 0px; border: 0px; vertical-align: top;"><div class="post-text" itemprop="text" style="margin: 0px 0px 5px; padding: 0px; border: 0px; font-size: 15px; width: 660px; word-wrap: break-word; line-height: 1.3;"><blockquote style="margin-bottom: 10px; padding-right: 10px; padding-left: 10px; border-width: 0px 0px 0px 2px; border-top-style: initial; border-right-style: initial; border-bottom-style: initial; border-top-color: initial; border-right-color: initial; border-bottom-color: initial; border-left-color: rgb(255, 235, 142); border-image: initial; font-size: 15px; quotes: none; background-color: rgb(255, 248, 220);"><p style="padding: 0px; border: 0px; clear: both;">However, the issue i''m running into is that when i scroll the list, i''m seeing the data for the list show up in the wrong rows (i.e. a TextView that should be in row 10 is showing up in row 2 for example).</p></blockquote><p style="margin-bottom: 1em; padding: 0px; border: 0px; clear: both;">Most likely, you are improperly recycling your rows, such that the&nbsp;<code style="margin: 0px; padding: 1px 5px; border: 0px; font-size: 13px; font-family: Consolas, Menlo, Monaco, &quot;Lucida Console&quot;, &quot;Liberation Mono&quot;, &quot;DejaVu Sans Mono&quot;, &quot;Bitstream Vera Sans Mono&quot;, &quot;Courier New&quot;, monospace, sans-serif; background-color: rgb(239, 240, 241); white-space: pre-wrap;">ViewHolders</code>&nbsp;you are manipulating are not the right ones for the row you are returning.</p><p style="margin-bottom: 1em; padding: 0px; border: 0px; clear: both;"><a href="http://commonsware.com/Android/excerpt.pdf" style="margin: 0px; padding: 0px; border: 0px; color: rgb(0, 89, 153); cursor: pointer;">Here is a free excerpt</a>&nbsp;from one of my books that goes into more about row recycling -- perhaps it will help you identify where things are going wrong.</p><div><br></div></div></td></tr></tbody></table>', 0, '2016-10-31 20:11:18', 1),
(195, 48, 'hyma', '<table style="margin: 0px; padding: 0px; border: 0px; font-size: 13px; color: rgb(36, 39, 41); font-family: Arial, &quot;Helvetica Neue&quot;, Helvetica, sans-serif; background-color: rgb(255, 255, 255);"><tbody style="margin: 0px; padding: 0px; border: 0px;"><tr style="margin: 0px; padding: 0px; border: 0px;"><td class="votecell" style="margin: 0px; padding-right: 15px; border: 0px; vertical-align: top;"><div class="vote" style="margin: 0px; padding: 0px; border: 0px; text-align: center; min-width: 46px;"><span itemprop="upvoteCount" class="vote-count-post " style="margin: 8px 0px; padding: 0px; border: 0px; font-size: 20px; display: block; color: rgb(106, 115, 124);"><br class="Apple-interchange-newline">1</span><a class="vote-down-off" title="This answer is not useful" style="margin: 0px auto 10px; padding: 0px; border: 0px; font-size: 1px; color: rgb(78, 130, 194); cursor: pointer; background-image: url(&quot;../beta/img/sprites.svg?v=63305114dc86&quot;), none; background-size: initial; background-repeat: no-repeat; overflow: hidden; display: block; text-indent: -9999em; width: 40px; height: 48px; background-position: 0px -220px;">down vote</a><span class="vote-accepted-on load-accepted-answer-date" title="The question owner accepted this as the best answer 2 days ago." style="margin: 0px auto 10px; padding: 0px; border: 0px; font-size: 1px; background-image: url(&quot;../beta/img/sprites.svg?v=63305114dc86&quot;), none; background-size: initial; background-repeat: no-repeat; overflow: hidden; display: block; text-indent: -9999em; width: 40px; height: 40px; background-position: -40px -270px; color: rgb(106, 115, 124);">accepted</span></div></td><td class="answercell" style="margin: 0px; border: 0px; vertical-align: top;"><div class="post-text" itemprop="text" style="margin: 0px 0px 5px; padding: 0px; border: 0px; font-size: 15px; width: 660px; word-wrap: break-word; line-height: 1.3;"><p style="margin-bottom: 1em; padding: 0px; border: 0px; clear: both;">I''ll venture an answer.</p><p style="margin-bottom: 1em; padding: 0px; border: 0px; clear: both;">First, if you look at the actual data output from the ephemeris, you can see that around the year 2000 the Earth+Moon center of mass (barycenter) is moving&nbsp;<em style="margin: 0px; padding: 0px; border: 0px;">in a plane parallel to the ecliptic within a few hundred kilometers</em>. Both the Earth and the Sun slowly drift up and down because the origin of the coordinate system is actually the center of mass of the solar system, and the other planets, Jupiter and Uranus in particular, have to be taken into account.</p><p style="margin-bottom: 1em; padding: 0px; border: 0px; clear: both;">I never really use those generated orbital elements. They are an approximation - a fit - to the motion of the body at that particular time. You can propagate the motion of the body for a short time using them, but they are not meant to be used to describe long-term motion.</p><p style="margin-bottom: 1em; padding: 0px; border: 0px; clear: both;">The solar system is a bunch of objects all interacting with each other. The sun is not (really) in the center, and the planets do not (exactly) even orbit around the Sun.</p><p style="margin-bottom: 1em; padding: 0px; border: 0px; clear: both;">So, for example if you look at the same orbital elements&nbsp;<em style="margin: 0px; padding: 0px; border: 0px;">around the Sun</em>&nbsp;instead of around the entire solar system barycenter, you''ll see that the inclination drops to 0.0001 degrees. If at all possible, stick to the cartesian (x, y, z) data to avoid having to think about these issues.</p></div></td></tr></tbody></table>', 1, '2016-10-18 18:38:18', 0),
(196, 49, 'hyma', '<p style="margin-bottom: 1em; padding: 0px; border: 0px; font-size: 15px; clear: both; color: rgb(36, 39, 41); font-family: Arial, &quot;Helvetica Neue&quot;, Helvetica, sans-serif;">You will need to use the&nbsp;<code style="margin: 0px; padding: 1px 5px; border: 0px; font-size: 13px; font-family: Consolas, Menlo, Monaco, &quot;Lucida Console&quot;, &quot;Liberation Mono&quot;, &quot;DejaVu Sans Mono&quot;, &quot;Bitstream Vera Sans Mono&quot;, &quot;Courier New&quot;, monospace, sans-serif; background-color: rgb(239, 240, 241); white-space: pre-wrap;">setCacheColorHint()</code>&nbsp;method of ListView.</p><p style="margin-bottom: 1em; padding: 0px; border: 0px; font-size: 15px; clear: both; color: rgb(36, 39, 41); font-family: Arial, &quot;Helvetica Neue&quot;, Helvetica, sans-serif;">Example:&nbsp;<code style="margin: 0px; padding: 1px 5px; border: 0px; font-size: 13px; font-family: Consolas, Menlo, Monaco, &quot;Lucida Console&quot;, &quot;Liberation Mono&quot;, &quot;DejaVu Sans Mono&quot;, &quot;Bitstream Vera Sans Mono&quot;, &quot;Courier New&quot;, monospace, sans-serif; background-color: rgb(239, 240, 241); white-space: pre-wrap;">list.setCacheColorHint(yourBackColor);</code></p><p style="margin-bottom: 1em; padding: 0px; border: 0px; font-size: 15px; clear: both; color: rgb(36, 39, 41); font-family: Arial, &quot;Helvetica Neue&quot;, Helvetica, sans-serif;">Explanation of the issue and solution&nbsp;<a href="http://android-developers.blogspot.com/2009/01/why-is-my-list-black-android.html" style="margin: 0px; padding: 0px; border: 0px; color: rgb(0, 89, 153); cursor: pointer;">here</a></p>', 1, '2016-10-18 20:39:50', 0),
(197, 39, 'pvenkman', '<p>if($result = mysqli_query($link, $query)) {</p><p>&nbsp; &nbsp; &nbsp; &nbsp; &nbsp; &nbsp; &nbsp; &nbsp; &nbsp; &nbsp; while($row = mysqli_fetch_array($result)) {</p><p>&nbsp; &nbsp; &nbsp; &nbsp; &nbsp; &nbsp; &nbsp; &nbsp; &nbsp; &nbsp; &nbsp; &nbsp; echo "&lt;div class=''row''&gt;";</p><p>&nbsp; &nbsp; &nbsp; &nbsp; &nbsp; &nbsp; &nbsp; &nbsp; &nbsp; &nbsp; &nbsp; &nbsp; echo "&lt;div class =''col-sm-1''&gt;&lt;i class=''fa fa-eye'' aria-hidden=''true''&gt;&lt;span style=''color: dark grey''&gt;Views&lt;p class = ''col-sm-6''&gt;".$row[''views'']."&lt;/p&gt;&lt;/span&gt;&lt;/i&gt;&lt;/div&gt;";</p><p>&nbsp; &nbsp; &nbsp; &nbsp; &nbsp; &nbsp; &nbsp; &nbsp; &nbsp; &nbsp; &nbsp; &nbsp; echo "&lt;a href=''display_question.php?qid=".$row[''qid'']."'' rel=''tooltip'' data-html=''true'' title = '''' onmouseover=''answer_tooltip(this.id)'' id = ''".$row[''qid'']."'' class = ''question_hyperlink col-sm-11 red-tooltip''&gt;".htmlentities($row[''question_title''])."&lt;/a&gt;";</p><p>&nbsp; &nbsp; &nbsp; &nbsp; &nbsp; &nbsp; &nbsp; &nbsp; &nbsp; &nbsp; &nbsp; &nbsp; echo "&lt;/div&gt;";</p><p>&nbsp; &nbsp; &nbsp; &nbsp; &nbsp; &nbsp; &nbsp; &nbsp; &nbsp; &nbsp; &nbsp; &nbsp; echo "&lt;br&gt;&lt;br&gt;";</p><p>&nbsp; &nbsp; &nbsp; &nbsp; &nbsp; &nbsp; &nbsp; &nbsp; &nbsp; &nbsp; &nbsp; &nbsp; echo "&lt;div class=''row''&gt;";</p><p>&nbsp; &nbsp; &nbsp; &nbsp; &nbsp; &nbsp; &nbsp; &nbsp; &nbsp; &nbsp; &nbsp; &nbsp; echo "&lt;div class=''col-sm-4 col-sm-offset-8''&gt;&lt;span class=''asked_by''&gt;&lt;i class=''fa fa-user'' aria-hidden=''true''&gt;&lt;/i&gt; asked by &lt;/span&gt;&lt;a href=''''&gt;".$row[''qnd_user'']."&lt;/a&gt;&lt;/div&gt;";</p><p>&nbsp; &nbsp; &nbsp; &nbsp; &nbsp; &nbsp; &nbsp; &nbsp; &nbsp; &nbsp; &nbsp; &nbsp; echo "&lt;/div&gt;";</p><p>&nbsp; &nbsp; &nbsp; &nbsp; &nbsp; &nbsp; &nbsp; &nbsp; &nbsp; &nbsp; &nbsp; &nbsp; echo "&lt;div class=''row''&gt;";</p><p>&nbsp; &nbsp; &nbsp; &nbsp; &nbsp; &nbsp; &nbsp; &nbsp; &nbsp; &nbsp; &nbsp; &nbsp; echo "&lt;div class=''col-sm-4 col-sm-offset-8 asked_by''&gt;&lt;span class=''asked_by''&gt;&lt;i class=''fa fa-clock-o'' aria-hidden=''true''&gt;&lt;/i&gt; on &lt;/span&gt;".$row[''q_created'']."&lt;/div&gt;";</p><p>&nbsp; &nbsp; &nbsp; &nbsp; &nbsp; &nbsp; &nbsp; &nbsp; &nbsp; &nbsp; &nbsp; &nbsp; echo "&lt;/div&gt;";</p><p>&nbsp; &nbsp; &nbsp; &nbsp; &nbsp; &nbsp; &nbsp; &nbsp; &nbsp; &nbsp; &nbsp; &nbsp; echo "&lt;hr&gt;";</p><p>&nbsp; &nbsp; &nbsp; &nbsp; &nbsp; &nbsp; &nbsp; &nbsp; &nbsp; &nbsp; }</p><p>&nbsp; &nbsp; &nbsp; &nbsp; &nbsp; &nbsp; &nbsp; &nbsp; }</p>', 0, '2016-11-20 05:28:23', 0),
(198, 56, 'pvenkman', '<h4 style="font-family: &quot;Helvetica Neue&quot;, Helvetica, Arial, sans-serif; color: rgb(51, 51, 51);">given a directory, /path/to/plugin, how can I write a zsh function that sources /path/to/myplugin/myplugin.plugin.zsh?given a directory, /path/to/plugin, how can I write a zsh function that sources /path/to/myplugin/myplugin.plugin.zsh?given a directory, /path/to/plugin, how can I write a zsh function that sources /path/to/myplugin/myplugin.plugin.zsh?</h4>', 1, '2016-10-29 18:45:21', 0),
(199, 39, 'pvenkman', 'a;lskda;ldka;lsdka;sdkas;ldkas;ldkas;dlkasd;laksd;laskd;lasdasd', 0, '2016-11-20 03:17:19', 0),
(200, 39, 'hyma', '<p><span style="color: rgb(51, 51, 51);">a;lskda;ldka;lsdka;sdkas;ldkas;ldkas;dlkasd;laksd;laskd;lasdasd</span></p>', 0, '2016-10-31 17:45:12', 0),
(201, 40, 'hyma', '<p><span style="color: rgb(36, 39, 41); font-family: Arial, &quot;Helvetica Neue&quot;, Helvetica, sans-serif; font-size: 15px;">I hope that will help you. If you could provide some XML stub with your data structure and information how exactly you want to map it into row, I would be able to give you more precise advise. By pixel.</span></p>', 1, '2016-12-13 00:51:06', 0),
(202, 51, 'hyma', '<p>asdasdasdaasdasdasdasdasdasdasdasdasdasdasd</p>', 0, '2016-11-01 08:25:00', 0),
(203, 51, 'hyma', '<p><span style="color: rgb(51, 51, 51);">asdasdasdaasdasdasdasdasdasdasdasda</span></p>', 0, '2016-11-01 08:25:37', 0),
(204, 39, 'hyma', '<p><span style="color: rgb(51, 51, 51);">a;lskda;ldka;lsdka;sdkas;ldkas;ldkas;dlkasd;laksd;laskd;lasdasd</span></p>', 0, '2016-11-01 08:25:57', 0),
(205, 51, 'hyma', '<p><span style="color: rgb(51, 51, 51);">a;lskda;ldka;lsdka;sdkas;ldkas;ldkas;dlkasd;laksd;laskd;lasdasd</span></p>', 0, '2016-11-01 08:26:11', 0),
(206, 57, 'hyma', '<p><span style="color: rgb(51, 51, 51);">a;lskda;ldka;lsdka;sdkas;ldkas;ldkas;dlkasd;laksd;laskd;lasdasd</span></p>', 0, '2016-11-01 08:26:24', 0),
(207, 42, 'hyma', '<p><span style="color: rgb(51, 51, 51);">a;lskda;ldka;lsdka;sdkas;ldkas;ldkas;dlkasd;laksd;laskd;lasdasd</span></p>', 1, '2016-11-01 17:33:14', 1),
(208, 42, 'hyma', '<p><span style="color: rgb(51, 51, 51);">a;lskda;ldka;lsdka;sdkas;ldkas;ldkas;dlkasd;laksd;laskd;lasdasd</span></p>', 0, '2016-11-01 17:38:24', -2),
(209, 39, 'hyma', '<p><span style="color: rgb(51, 51, 51);">a;lskda;ldka;lsdka;sdkas;ldkas;ldkas;dlkasd;laksd;laskd;lasdasd</span></p>', 0, '2016-11-01 08:28:00', 0),
(210, 51, 'hyma', '<p><span style="color: rgb(51, 51, 51);">a;lskda;ldka;lsdka;sdkas;ldkas;ldkas;dlkasd;laksd;laskd;lasdasd</span></p>', 0, '2016-11-01 08:28:16', 0),
(211, 51, 'hyma', '<p><span style="color: rgb(51, 51, 51);">a;lskda;ldka;lsdka;sdkas;ldkas;ldkas;dlkasd;laksd;laskd;lasdasd</span></p>', 0, '2016-11-01 08:28:42', 0),
(212, 51, 'hyma', '<p><span style="color: rgb(51, 51, 51);">a;lskda;ldka;lsdka;sdkas;ldkas;ldkas;dlkasd;laksd;laskd;lasdasd</span></p>', 1, '2016-11-01 08:29:57', 0),
(213, 39, 'hyma', '<p><span style="color: rgb(51, 51, 51);">a;lskda;ldka;lsdka;sdkas;ldkas;ldkas;dlkasd;laksd;laskd;lasdasd</span></p>', 0, '2016-11-01 08:52:50', 0),
(214, 39, 'ravitejamajeti', '<p><span style="color: rgb(51, 51, 51);">a;lskda;ldka;lsdka;sdkas;ldkas;ldkas;dlkasd;laksd;laskd;lasdasd</span></p>', 0, '2016-11-01 08:53:07', 0),
(215, 39, 'ravitejamajeti', '<span style="color: rgb(51, 51, 51);">a;lskda;ldka;lsdka;sdkas;ldkas;ldkas;dlkasd;laksd;laskd;lasdasd</span>', 0, '2016-11-01 08:53:13', 0),
(216, 58, 'ravitejamajeti2', '<p>test for votestest for votestest for votestest for votestest for votestest for votestest for votestest for votestest for votestest for votestest for votes</p>', 0, '2016-11-22 18:07:39', 0),
(217, 58, 'ravitejamajeti2', '<p>test for votestest for votestest for votestest for votestest for votestest for votestest for votestest for votestest for votestest for votestest for votestest for votes</p>', 1, '2016-11-22 18:07:40', 1),
(218, 58, 'ravitejamajeti2', 'test for votestest for votestest for votestest for votestest for votestest for votestest for votestest for votestest for votestest for votestest for votestest for votestest for votes', 0, '2016-11-22 18:07:40', 2);
INSERT INTO `answers` (`aid`, `qid`, `answered_user`, `answer`, `marked`, `a_created`, `votes`) VALUES
(219, 39, 'ravitejamajeti', '<p><img src="data:image/png;base64,iVBORw0KGgoAAAANSUhEUgAAAMgAAADICAIAAAAiOjnJAAAACXBIWXMAAAsTAAALEwEAmpwYAAAKT2lDQ1BQaG90b3Nob3AgSUNDIHByb2ZpbGUAAHjanVNnVFPpFj333vRCS4iAlEtvUhUIIFJCi4AUkSYqIQkQSoghodkVUcERRUUEG8igiAOOjoCMFVEsDIoK2AfkIaKOg6OIisr74Xuja9a89+bN/rXXPues852zzwfACAyWSDNRNYAMqUIeEeCDx8TG4eQuQIEKJHAAEAizZCFz/SMBAPh+PDwrIsAHvgABeNMLCADATZvAMByH/w/qQplcAYCEAcB0kThLCIAUAEB6jkKmAEBGAYCdmCZTAKAEAGDLY2LjAFAtAGAnf+bTAICd+Jl7AQBblCEVAaCRACATZYhEAGg7AKzPVopFAFgwABRmS8Q5ANgtADBJV2ZIALC3AMDOEAuyAAgMADBRiIUpAAR7AGDIIyN4AISZABRG8lc88SuuEOcqAAB4mbI8uSQ5RYFbCC1xB1dXLh4ozkkXKxQ2YQJhmkAuwnmZGTKBNA/g88wAAKCRFRHgg/P9eM4Ors7ONo62Dl8t6r8G/yJiYuP+5c+rcEAAAOF0ftH+LC+zGoA7BoBt/qIl7gRoXgugdfeLZrIPQLUAoOnaV/Nw+H48PEWhkLnZ2eXk5NhKxEJbYcpXff5nwl/AV/1s+X48/Pf14L7iJIEyXYFHBPjgwsz0TKUcz5IJhGLc5o9H/LcL//wd0yLESWK5WCoU41EScY5EmozzMqUiiUKSKcUl0v9k4t8s+wM+3zUAsGo+AXuRLahdYwP2SycQWHTA4vcAAPK7b8HUKAgDgGiD4c93/+8//UegJQCAZkmScQAAXkQkLlTKsz/HCAAARKCBKrBBG/TBGCzABhzBBdzBC/xgNoRCJMTCQhBCCmSAHHJgKayCQiiGzbAdKmAv1EAdNMBRaIaTcA4uwlW4Dj1wD/phCJ7BKLyBCQRByAgTYSHaiAFiilgjjggXmYX4IcFIBBKLJCDJiBRRIkuRNUgxUopUIFVIHfI9cgI5h1xGupE7yAAygvyGvEcxlIGyUT3UDLVDuag3GoRGogvQZHQxmo8WoJvQcrQaPYw2oefQq2gP2o8+Q8cwwOgYBzPEbDAuxsNCsTgsCZNjy7EirAyrxhqwVqwDu4n1Y8+xdwQSgUXACTYEd0IgYR5BSFhMWE7YSKggHCQ0EdoJNwkDhFHCJyKTqEu0JroR+cQYYjIxh1hILCPWEo8TLxB7iEPENyQSiUMyJ7mQAkmxpFTSEtJG0m5SI+ksqZs0SBojk8naZGuyBzmULCAryIXkneTD5DPkG+Qh8lsKnWJAcaT4U+IoUspqShnlEOU05QZlmDJBVaOaUt2ooVQRNY9aQq2htlKvUYeoEzR1mjnNgxZJS6WtopXTGmgXaPdpr+h0uhHdlR5Ol9BX0svpR+iX6AP0dwwNhhWDx4hnKBmbGAcYZxl3GK+YTKYZ04sZx1QwNzHrmOeZD5lvVVgqtip8FZHKCpVKlSaVGyovVKmqpqreqgtV81XLVI+pXlN9rkZVM1PjqQnUlqtVqp1Q61MbU2epO6iHqmeob1Q/pH5Z/YkGWcNMw09DpFGgsV/jvMYgC2MZs3gsIWsNq4Z1gTXEJrHN2Xx2KruY/R27iz2qqaE5QzNKM1ezUvOUZj8H45hx+Jx0TgnnKKeX836K3hTvKeIpG6Y0TLkxZVxrqpaXllirSKtRq0frvTau7aedpr1Fu1n7gQ5Bx0onXCdHZ4/OBZ3nU9lT3acKpxZNPTr1ri6qa6UbobtEd79up+6Ynr5egJ5Mb6feeb3n+hx9L/1U/W36p/VHDFgGswwkBtsMzhg8xTVxbzwdL8fb8VFDXcNAQ6VhlWGX4YSRudE8o9VGjUYPjGnGXOMk423GbcajJgYmISZLTepN7ppSTbmmKaY7TDtMx83MzaLN1pk1mz0x1zLnm+eb15vft2BaeFostqi2uGVJsuRaplnutrxuhVo5WaVYVVpds0atna0l1rutu6cRp7lOk06rntZnw7Dxtsm2qbcZsOXYBtuutm22fWFnYhdnt8Wuw+6TvZN9un2N/T0HDYfZDqsdWh1+c7RyFDpWOt6azpzuP33F9JbpL2dYzxDP2DPjthPLKcRpnVOb00dnF2e5c4PziIuJS4LLLpc+Lpsbxt3IveRKdPVxXeF60vWdm7Obwu2o26/uNu5p7ofcn8w0nymeWTNz0MPIQ+BR5dE/C5+VMGvfrH5PQ0+BZ7XnIy9jL5FXrdewt6V3qvdh7xc+9j5yn+M+4zw33jLeWV/MN8C3yLfLT8Nvnl+F30N/I/9k/3r/0QCngCUBZwOJgUGBWwL7+Hp8Ib+OPzrbZfay2e1BjKC5QRVBj4KtguXBrSFoyOyQrSH355jOkc5pDoVQfujW0Adh5mGLw34MJ4WHhVeGP45wiFga0TGXNXfR3ENz30T6RJZE3ptnMU85ry1KNSo+qi5qPNo3ujS6P8YuZlnM1VidWElsSxw5LiquNm5svt/87fOH4p3iC+N7F5gvyF1weaHOwvSFpxapLhIsOpZATIhOOJTwQRAqqBaMJfITdyWOCnnCHcJnIi/RNtGI2ENcKh5O8kgqTXqS7JG8NXkkxTOlLOW5hCepkLxMDUzdmzqeFpp2IG0yPTq9MYOSkZBxQqohTZO2Z+pn5mZ2y6xlhbL+xW6Lty8elQfJa7OQrAVZLQq2QqboVFoo1yoHsmdlV2a/zYnKOZarnivN7cyzytuQN5zvn//tEsIS4ZK2pYZLVy0dWOa9rGo5sjxxedsK4xUFK4ZWBqw8uIq2Km3VT6vtV5eufr0mek1rgV7ByoLBtQFr6wtVCuWFfevc1+1dT1gvWd+1YfqGnRs+FYmKrhTbF5cVf9go3HjlG4dvyr+Z3JS0qavEuWTPZtJm6ebeLZ5bDpaql+aXDm4N2dq0Dd9WtO319kXbL5fNKNu7g7ZDuaO/PLi8ZafJzs07P1SkVPRU+lQ27tLdtWHX+G7R7ht7vPY07NXbW7z3/T7JvttVAVVN1WbVZftJ+7P3P66Jqun4lvttXa1ObXHtxwPSA/0HIw6217nU1R3SPVRSj9Yr60cOxx++/p3vdy0NNg1VjZzG4iNwRHnk6fcJ3/ceDTradox7rOEH0x92HWcdL2pCmvKaRptTmvtbYlu6T8w+0dbq3nr8R9sfD5w0PFl5SvNUyWna6YLTk2fyz4ydlZ19fi753GDborZ752PO32oPb++6EHTh0kX/i+c7vDvOXPK4dPKy2+UTV7hXmq86X23qdOo8/pPTT8e7nLuarrlca7nuer21e2b36RueN87d9L158Rb/1tWeOT3dvfN6b/fF9/XfFt1+cif9zsu72Xcn7q28T7xf9EDtQdlD3YfVP1v+3Njv3H9qwHeg89HcR/cGhYPP/pH1jw9DBY+Zj8uGDYbrnjg+OTniP3L96fynQ89kzyaeF/6i/suuFxYvfvjV69fO0ZjRoZfyl5O/bXyl/erA6xmv28bCxh6+yXgzMV70VvvtwXfcdx3vo98PT+R8IH8o/2j5sfVT0Kf7kxmTk/8EA5jz/GMzLdsAAAAgY0hSTQAAeiUAAICDAAD5/wAAgOkAAHUwAADqYAAAOpgAABdvkl/FRgAACERJREFUeNrs3dtu20YCgGHO8CRRJ0uy40PitXNojO5LLNCLAvtuvdkXKrAP0SB1EkdJZEmpJcUSLYkiOTN7wW7gDYpNFDMW5fzfZZAGGvLncEiRqvjXL79YQN4kmwCEBcICYQGEBcICYQGEBcICYQGEBcICYQGEBcICYQGEBcICYQGEBcICYQGEBcICYQGEBcICYQGEBcICYQGEBcICYQGEBcICYQGEBcICYQGEBcICYQGEBcICYQGEBcICYQGEBcICYQGEBcICYQGEBcICYQGEBcICYd2cEIJ9cCc3L2ERFqdCcCoEYQGEhQ3hbOKHNtf8uUrNVqpCSLl5h4rRWhuTjevjovsjwroNWmtjjOu6vu+7nuc4jm3bRutUqSSO4+VyGcfGGNu2N2I4SilhWZ7v+77vuq7jOFJKpXWaJEmSLJfLOI6FZckNGc5GhpXNT0EQNNvtVqtVqVRcz/Nc17ZtrXWapnEcR1E0mUxGw+F0MtFaF3n20loLIba2tlrb281ms1Qqeb7vuq6UUimVJEm8XC4Wi/F4PB6NrsJw42YvZ1MmqlKpdG9v7+DgoFQuO45jmewEYpIksSxLSlkul4NKpdlsHhwcDC8uer3e5PKygPsjO0Jqtdr+/fv3dnd935e2bbQ2xiillFKWZTmO47putV5vtdvR4eGg1xv0+/P5XAphbUheGxCWUqrRaDx68qTZbEopjTEqTf9yb1laW5bled7B/ftbrda7N2/Ou11jTHHaylaF+/v7R48eVavV7E/+z3CEEEEQPHz8uN1un52djYZDsSF3lZ3iz1XbOztPT04qlYpSSmv9Jf+JZVnlUumHkxPf9zudjlaqIDtDSvng8PDhkyeObX/JWD5eoGy1Wn8Pghenp+/7fW435FBVq90++fHHIAiyc8RKc4OwrKPj46Pj4+sXXOsdzoPDw8dfXNUn07bv+09PTu7t7q66KQjr091QrVZ/ePo0KJdX3Q0f27Is6+j4+OD+/SIMZ3d39+Hjx0LKrxuO1trzvKcnJ81W6+v+BcKyslsGh0dHlWpV3+AAzeatw6Ojaq22xp2htQ4qlb89fOg4zk3mTq21XyodHR97nlfwtoobVrPd3rl37+bnMGNMJQgOHjyQUlprOiEKIfb39+v1+s3PyMaYVru9vbPDjPWV09Xe3p7nunmtjXa2t2v1ulrHUa6UKgfBzu5udkl7843jOM7e/n7BJ62CzliVSmWr2cxrwxmtPd9vtVpruTYUQjSbzaBSyWs4Wut6o1Gr1ZixVlZvNHKcroxl2VI2Gg03v39zpdl3a2vLse3chmOM67pbzWaRb2gVdcaqVnNfPpfKZc/zzC2fPoxxHCfH6erjcCrVapG/syroJwuCIPeZw/d923VvefVuLMu27VK5nPtMGQQBM9bKPN/PPSzHde11HOJCSu8bnII9z2ONtfrH+gYFyOwL6Vu/4yAsS+Q9HGOMkJIZa2VJHOd+aZamqdb69p8O0MakaZpvBEKINEmK8D3VhoUVRVHuYSVJotL0lrMSlqWVWi6Xuc8uURQR1srms1nuYS2jKEmS256xhFBKRfN5vmFJKeezGWGtLJxOc95qQsxmsziOb39dkqZpGIb5Bm2Mmea+ib6HsKbTaRiGeS3hpRBJkoxGI3XrD2YJIbTWo9EoiqLchiPlbDa7/PCBsFbeGXEcD4fDvI5yIeXV1dXl5aVcx2WUlPIqDKeXl3k1LYQYD4eLxYKrwq+Z6t8PBtPJJJejPE3T8243WizEWu5jCRHHca/bjfNYwmfTVa/XU4V5LHaTwpJSRovFebebKnXDaca27YuLi9HFxRrfCbNtezweD/r9m6dgjDnvdmdXVwV/xa3QjyYP+v3zbvcmJ0Qp5WQyef3qVfYyzxpprTuvX49Ho5u8JCilHPT73bdvi7y6KnpYQghjTOf16263K6Vc9ZwohLAd5yoMT58/n83na/++VgixXC5Pf//9cjy2HWfVqUsIYdv2+8Hg5elpwU+CGzBjCSFUmr56+bLT6aRKfXkcUkpLiPFo9OzZs8lkYhfjKYBsFf/st9/+GAysVb62krZtjOm+e3f6/HkcxxvxMwL2P3/+ee3T0mfaUmry4UO0XPq+Xy6Xv+TIXi6X5+fnr168KNpaJFvIfxiPlVKlcvmz37Vnv0YRhuGbs7NOp5MkyUpVfXbzfjsb8MJq9kTv+37/cjze3dtr7+zUazXbtj95EzV7AW8RRePRaNDvh9Op1rqAK1wpZRzHnbOz4cXF3v5+e3v7zwdgrg0mq0EbE06no+Fw0OstFgvr23w3//2GZf333d8oit50Or1er16r1ev1chCUSiXH87RS8XI5n89nV1eTyWSxWGTNFXY3ZIdKOJ1eheG7t28bjUatVsuGY9t2kqbRYrGYz8MwnE4mcRxnw+G3G77h/rAsK02S8Xg8Go2s//3dH+vajxkVfx98/JDLKPojit4PBn8xHCGu/83Nsnm/j3V9o98Bd2w4m3FVCMICCAuEBcICCAuEBcICCAuEBcJazfXfYOH/XZi7NT5oKtkKhMWpEJwKQVgAYYGwQFgAYYGwQFgAYYGwQFgAYYGwQFgAYYGw8J1x7uSo/vHTT8X/kP/+9VfC2jA8Ps+pEIQFEBYIC4QFEBYIC3fN3byPxdv6hPVN3O2b2pwKQVgAYYGwQFgAYYGwQFgAYYGwQFgAYYGwQFgAYYGwQFgAYYGwQFgAYYGwQFgAYYGwQFgAYYGwQFgAYYGwQFgAYYGwQFgAYYGwQFgAYYGwQFgAYYGwQFgAYYGwQFgAYYGwQFgAYYGwQFgAYYGwQFgAYYGwQFgAYeHW/GcAFAO9XpjuuuUAAAAASUVORK5CYII=" data-filename="defaultIcon.png" style="width: 200px;"><br></p>', 0, '2016-11-15 21:48:00', 0),
(220, 64, 'ravitejamajeti', '<p>answer 1</p><p>answer 1</p><p>answer 1</p><hr><p>answer 1</p>', 0, '2016-11-20 04:18:58', 1),
(221, 64, 'ravitejamajeti', '<p>answer 2</p><p>answer 2</p><p>answer 2</p><p>answer 2</p><p>answer 2</p><p>answer 2</p>', 1, '2016-11-20 04:18:58', 0),
(230, 53, 'ravitejamajeti', '<pre style="line-height: 1.42857; color: rgb(0, 0, 0); white-space: pre-wrap;">what happens when I ~!@#$%^&amp;*()_+_)(*&amp;^%$#@!~}{:"&gt;&lt;??:{}+}\\|}{P{}|-/*?</pre>', 0, '2016-11-22 17:54:35', 0),
(231, 53, 'ravitejamajeti', '<pre style="line-height: 1.42857; color: rgb(0, 0, 0); white-space: pre-wrap;">what happens when I ~!@#$%^&amp;*()_+_)(*&amp;^%$#@!~}{:"&gt;&lt;??:{}+}\\|}{P{}|-/*?</pre>', 0, '2016-11-22 17:54:38', 0),
(232, 57, 'ravitejamajeti', '<p>&lt;b&gt;This is written in bold letters&lt;/b&gt;</p>', 0, '2016-11-22 18:25:25', 0),
(233, 57, 'ravitejamajeti', '<p>[b]bold bold bold bold bold bold bold bold bold bold bold bold[/b]</p>', 0, '2016-11-22 21:54:04', 0),
(234, 57, 'ravitejamajeti', '<pre style="color: rgb(0, 0, 0); white-space: pre-wrap;">and hopefully you have [i] nested [u] support [/u] for [b] bbcode [/b]  or this will break[/i]</pre>', 0, '2016-11-22 22:18:49', 0),
(235, 57, 'ravitejamajeti', 'and hopefully you have [i] nested [u] support [/u] for [b] bbcode [/b] or this will break[/i]', 0, '2016-11-22 22:18:58', 0),
(236, 57, 'ravitejamajeti', '<pre style="color: rgb(0, 0, 0); white-space: pre-wrap;">and hopefully you have [i] nested [u] support [/u] for [b] bbcode [/b] or this will break[/i]</pre>', 0, '2016-11-22 22:27:58', 0),
(237, 57, 'ravitejamajeti', 'and hopefully you have [i] nested [u] support [/u] for [b] bbcode [/b] or this will break[/i]', 0, '2016-11-22 22:28:02', 0),
(238, 57, 'ravitejamajeti', '<p>and hopefully you have [i] nested [u] support [/u] for [b] bbcode [/b] or this will break[/i]<br></p>', 0, '2016-11-22 22:28:30', 0),
(239, 57, 'ravitejamajeti', '<p>and hopefully you have [i] nested [u] support [/u] for [b] bbcode [/b] or this will break[/i]<br></p>', 0, '2016-11-22 22:28:36', 0),
(240, 57, 'ravitejamajeti', '<pre style="color: rgb(0, 0, 0); white-space: pre-wrap;">hopefully this doesn;t [s]strikethrough the rest of your page!</pre>', 0, '2016-11-22 23:43:52', 0),
(241, 57, 'ravitejamajeti', 'hopefully this doesn;t [s]strikethrough the rest of your page!', 0, '2016-11-22 23:44:02', 0),
(242, 57, 'ravitejamajeti', '<pre style="color: rgb(0, 0, 0); white-space: pre-wrap;">and hopefully you have [i] nested [u] support [/u] for [b] bbcode [/b]  or this will break[/i]</pre>', 0, '2016-11-22 23:44:27', 0),
(243, 57, 'ravitejamajeti', 'and hopefully you have [i] nested [u] support [/u] for [b] bbcode [/b] or this will break[/i]', 0, '2016-11-22 23:44:42', 0),
(244, 57, 'ravitejamajeti', '<span style="color: rgb(51, 51, 51);">hopefully this doesn;t [s]strikethrough[/s] the rest of your page!</span>', 0, '2016-11-22 23:44:56', 0),
(245, 57, 'ravitejamajeti', '<p><span style="color: rgb(51, 51, 51);">hopefully this doesn;t [s]strikethrough[/s] the rest of your page!</span><br></p>', 0, '2016-11-22 23:45:24', 0);

-- --------------------------------------------------------

--
-- Table structure for table `answer_votes`
--

CREATE TABLE `answer_votes` (
  `aid` int(11) NOT NULL,
  `uid` int(11) NOT NULL,
  `vote_type` int(11) NOT NULL
) ENGINE=InnoDB DEFAULT CHARSET=latin1;

--
-- Dumping data for table `answer_votes`
--

INSERT INTO `answer_votes` (`aid`, `uid`, `vote_type`) VALUES
(194, 2, 1),
(183, 1, 2),
(183, 2, 1),
(188, 2, 2),
(208, 2, 2),
(207, 2, 1),
(185, 2, 2),
(208, 1, 2),
(185, 1, 1),
(218, 1, 1),
(218, 2, 1),
(216, 18, 2),
(216, 1, 1),
(220, 1, 1),
(188, 1, 1),
(217, 1, 1);

-- --------------------------------------------------------

--
-- Table structure for table `questions`
--

CREATE TABLE `questions` (
  `qid` int(20) NOT NULL,
  `qnd_user` varchar(20) NOT NULL,
  `question_title` text NOT NULL,
  `question` longtext NOT NULL,
  `views` int(11) DEFAULT NULL,
  `q_created` timestamp NOT NULL DEFAULT CURRENT_TIMESTAMP ON UPDATE CURRENT_TIMESTAMP,
  `votes` int(11) NOT NULL DEFAULT '0',
  `freeze` tinyint(1) NOT NULL DEFAULT '0',
  `tags` varchar(100) NOT NULL
) ENGINE=InnoDB DEFAULT CHARSET=latin1;

--
-- Dumping data for table `questions`
--

INSERT INTO `questions` (`qid`, `qnd_user`, `question_title`, `question`, `views`, `q_created`, `votes`, `freeze`, `tags`) VALUES
(39, 'ravitejamajeti', ' Custom List View; Button click and set text in each row ', '    <p style="margin-bottom: 1em; padding: 0px; border: 0px; font-size: 15px; clear: both; color: rgb(36, 39, 41); font-family: Arial, &quot;Helvetica Neue&quot;, Helvetica, sans-serif;">I have a custom List View Adapter. When I click a button in a row, I want to change the text in that same row. However, I am getting an error. When I click on the button in row 0, it changes the text in row 1 or 2 instead (random). Also, do I need to use<code style="margin: 0px; padding: 1px 5px; border: 0px; font-size: 13px; font-family: Consolas, Menlo, Monaco, &quot;Lucida Console&quot;, &quot;Liberation Mono&quot;, &quot;DejaVu Sans Mono&quot;, &quot;Bitstream Vera Sans Mono&quot;, &quot;Courier New&quot;, monospace, sans-serif; background-color: rgb(239, 240, 241); white-space: pre-wrap;">setTag();</code>&nbsp;and&nbsp;<code style="margin: 0px; padding: 1px 5px; border: 0px; font-size: 13px; font-family: Consolas, Menlo, Monaco, &quot;Lucida Console&quot;, &quot;Liberation Mono&quot;, &quot;DejaVu Sans Mono&quot;, &quot;Bitstream Vera Sans Mono&quot;, &quot;Courier New&quot;, monospace, sans-serif; background-color: rgb(239, 240, 241); white-space: pre-wrap;">getTag();</code></p><p style="margin-bottom: 1em; padding: 0px; border: 0px; font-size: 15px; clear: both; color: rgb(36, 39, 41); font-family: Arial, &quot;Helvetica Neue&quot;, Helvetica, sans-serif;">How can I get the button in row 0 to change the text in row 0 when it is clicked.</p><p style="margin-bottom: 1em; padding: 0px; border: 0px; font-size: 15px; clear: both; color: rgb(36, 39, 41); font-family: Arial, &quot;Helvetica Neue&quot;, Helvetica, sans-serif;"><strong style="margin: 0px; padding: 0px; border: 0px;">Custom List Row Code</strong></p><pre class="lang-java prettyprint prettyprinted" style="margin-bottom: 1em; padding: 5px; border-width: 0px; border-style: initial; border-color: initial; width: auto; max-height: 600px; font-family: Consolas, Menlo, Monaco, &quot;Lucida Console&quot;, &quot;Liberation Mono&quot;, &quot;DejaVu Sans Mono&quot;, &quot;Bitstream Vera Sans Mono&quot;, &quot;Courier New&quot;, monospace, sans-serif; background-color: rgb(239, 240, 241); color: rgb(57, 51, 24); word-wrap: normal;"><code style="margin: 0px; border: 0px; font-size: 13px; font-family: Consolas, Menlo, Monaco, &quot;Lucida Console&quot;, &quot;Liberation Mono&quot;, &quot;DejaVu Sans Mono&quot;, &quot;Bitstream Vera Sans Mono&quot;, &quot;Courier New&quot;, monospace, sans-serif; background-color: rgb(239, 240, 241); white-space: inherit;"><span class="kwd" style="margin: 0px; padding: 0px; border: 0px; color: rgb(16, 16, 148);">public</span><span class="pln" style="margin: 0px; padding: 0px; border: 0px; color: rgb(48, 51, 54);"> </span><span class="typ" style="margin: 0px; padding: 0px; border: 0px; color: rgb(43, 145, 175);">CustomFeedListViewAdapter</span><span class="pun" style="margin: 0px; padding: 0px; border: 0px; color: rgb(48, 51, 54);">(</span><span class="typ" style="margin: 0px; padding: 0px; border: 0px; color: rgb(43, 145, 175);">Context</span><span class="pln" style="margin: 0px; padding: 0px; border: 0px; color: rgb(48, 51, 54);"> context</span><span class="pun" style="margin: 0px; padding: 0px; border: 0px; color: rgb(48, 51, 54);">,</span><span class="pln" style="margin: 0px; padding: 0px; border: 0px; color: rgb(48, 51, 54);"> </span><span class="typ" style="margin: 0px; padding: 0px; border: 0px; color: rgb(43, 145, 175);">ArrayList</span><span class="pun" style="margin: 0px; padding: 0px; border: 0px; color: rgb(48, 51, 54);">&lt;</span><span class="typ" style="margin: 0px; padding: 0px; border: 0px; color: rgb(43, 145, 175);">HashMap</span><span class="pun" style="margin: 0px; padding: 0px; border: 0px; color: rgb(48, 51, 54);">&lt;</span><span class="typ" style="margin: 0px; padding: 0px; border: 0px; color: rgb(43, 145, 175);">String</span><span class="pun" style="margin: 0px; padding: 0px; border: 0px; color: rgb(48, 51, 54);">,</span><span class="pln" style="margin: 0px; padding: 0px; border: 0px; color: rgb(48, 51, 54);"> </span><span class="typ" style="margin: 0px; padding: 0px; border: 0px; color: rgb(43, 145, 175);">String</span><span class="pun" style="margin: 0px; padding: 0px; border: 0px; color: rgb(48, 51, 54);">&gt;&gt;</span><span class="pln" style="margin: 0px; padding: 0px; border: 0px; color: rgb(48, 51, 54);"> data</span><span class="pun" style="margin: 0px; padding: 0px; border: 0px; color: rgb(48, 51, 54);">)</span><span class="pln" style="margin: 0px; padding: 0px; border: 0px; color: rgb(48, 51, 54);"> </span><span class="pun" style="margin: 0px; padding: 0px; border: 0px; color: rgb(48, 51, 54);">{</span><span class="pln" style="margin: 0px; padding: 0px; border: 0px; color: rgb(48, 51, 54);">\n    mContext </span><span class="pun" style="margin: 0px; padding: 0px; border: 0px; color: rgb(48, 51, 54);">=</span><span class="pln" style="margin: 0px; padding: 0px; border: 0px; color: rgb(48, 51, 54);"> context</span><span class="pun" style="margin: 0px; padding: 0px; border: 0px; color: rgb(48, 51, 54);">;</span><span class="pln" style="margin: 0px; padding: 0px; border: 0px; color: rgb(48, 51, 54);">\n    feed </span><span class="pun" style="margin: 0px; padding: 0px; border: 0px; color: rgb(48, 51, 54);">=</span><span class="pln" style="margin: 0px; padding: 0px; border: 0px; color: rgb(48, 51, 54);"> data</span><span class="pun" style="margin: 0px; padding: 0px; border: 0px; color: rgb(48, 51, 54);">;</span><span class="pln" style="margin: 0px; padding: 0px; border: 0px; color: rgb(48, 51, 54);">\n    inflater </span><span class="pun" style="margin: 0px; padding: 0px; border: 0px; color: rgb(48, 51, 54);">=</span><span class="pln" style="margin: 0px; padding: 0px; border: 0px; color: rgb(48, 51, 54);"> </span><span class="pun" style="margin: 0px; padding: 0px; border: 0px; color: rgb(48, 51, 54);">(</span><span class="typ" style="margin: 0px; padding: 0px; border: 0px; color: rgb(43, 145, 175);">LayoutInflater</span><span class="pun" style="margin: 0px; padding: 0px; border: 0px; color: rgb(48, 51, 54);">)</span><span class="pln" style="margin: 0px; padding: 0px; border: 0px; color: rgb(48, 51, 54);"> context</span><span class="pun" style="margin: 0px; padding: 0px; border: 0px; color: rgb(48, 51, 54);">.</span><span class="pln" style="margin: 0px; padding: 0px; border: 0px; color: rgb(48, 51, 54);">getSystemService</span><span class="pun" style="margin: 0px; padding: 0px; border: 0px; color: rgb(48, 51, 54);">(</span><span class="typ" style="margin: 0px; padding: 0px; border: 0px; color: rgb(43, 145, 175);">Context</span><span class="pun" style="margin: 0px; padding: 0px; border: 0px; color: rgb(48, 51, 54);">.</span><span class="pln" style="margin: 0px; padding: 0px; border: 0px; color: rgb(48, 51, 54);">LAYOUT_INFLATER_SERVICE</span><span class="pun" style="margin: 0px; padding: 0px; border: 0px; color: rgb(48, 51, 54);">);</span><span class="pln" style="margin: 0px; padding: 0px; border: 0px; color: rgb(48, 51, 54);">\n\n</span><span class="pun" style="margin: 0px; padding: 0px; border: 0px; color: rgb(48, 51, 54);">}</span><span class="pln" style="margin: 0px; padding: 0px; border: 0px; color: rgb(48, 51, 54);">\n\n\n  </span><span class="lit" style="margin: 0px; padding: 0px; border: 0px; color: rgb(125, 39, 39);">@Override</span><span class="pln" style="margin: 0px; padding: 0px; border: 0px; color: rgb(48, 51, 54);">\n</span><span class="kwd" style="margin: 0px; padding: 0px; border: 0px; color: rgb(16, 16, 148);">public</span><span class="pln" style="margin: 0px; padding: 0px; border: 0px; color: rgb(48, 51, 54);"> </span><span class="typ" style="margin: 0px; padding: 0px; border: 0px; color: rgb(43, 145, 175);">View</span><span class="pln" style="margin: 0px; padding: 0px; border: 0px; color: rgb(48, 51, 54);"> getView</span><span class="pun" style="margin: 0px; padding: 0px; border: 0px; color: rgb(48, 51, 54);">(</span><span class="kwd" style="margin: 0px; padding: 0px; border: 0px; color: rgb(16, 16, 148);">int</span><span class="pln" style="margin: 0px; padding: 0px; border: 0px; color: rgb(48, 51, 54);"> i</span><span class="pun" style="margin: 0px; padding: 0px; border: 0px; color: rgb(48, 51, 54);">,</span><span class="pln" style="margin: 0px; padding: 0px; border: 0px; color: rgb(48, 51, 54);"> </span><span class="typ" style="margin: 0px; padding: 0px; border: 0px; color: rgb(43, 145, 175);">View</span><span class="pln" style="margin: 0px; padding: 0px; border: 0px; color: rgb(48, 51, 54);"> view</span><span class="pun" style="margin: 0px; padding: 0px; border: 0px; color: rgb(48, 51, 54);">,</span><span class="pln" style="margin: 0px; padding: 0px; border: 0px; color: rgb(48, 51, 54);"> </span><span class="typ" style="margin: 0px; padding: 0px; border: 0px; color: rgb(43, 145, 175);">ViewGroup</span><span class="pln" style="margin: 0px; padding: 0px; border: 0px; color: rgb(48, 51, 54);"> viewGroup</span><span class="pun" style="margin: 0px; padding: 0px; border: 0px; color: rgb(48, 51, 54);">)</span><span class="pln" style="margin: 0px; padding: 0px; border: 0px; color: rgb(48, 51, 54);"> </span><span class="pun" style="margin: 0px; padding: 0px; border: 0px; color: rgb(48, 51, 54);">{</span><span class="pln" style="margin: 0px; padding: 0px; border: 0px; color: rgb(48, 51, 54);">\n     position </span><span class="pun" style="margin: 0px; padding: 0px; border: 0px; color: rgb(48, 51, 54);">=</span><span class="pln" style="margin: 0px; padding: 0px; border: 0px; color: rgb(48, 51, 54);"> i</span><span class="pun" style="margin: 0px; padding: 0px; border: 0px; color: rgb(48, 51, 54);">;</span><span class="pln" style="margin: 0px; padding: 0px; border: 0px; color: rgb(48, 51, 54);">\n\n    </span><span class="typ" style="margin: 0px; padding: 0px; border: 0px; color: rgb(43, 145, 175);">View</span><span class="pln" style="margin: 0px; padding: 0px; border: 0px; color: rgb(48, 51, 54);"> mView </span><span class="pun" style="margin: 0px; padding: 0px; border: 0px; color: rgb(48, 51, 54);">=</span><span class="pln" style="margin: 0px; padding: 0px; border: 0px; color: rgb(48, 51, 54);"> view</span><span class="pun" style="margin: 0px; padding: 0px; border: 0px; color: rgb(48, 51, 54);">;</span><span class="pln" style="margin: 0px; padding: 0px; border: 0px; color: rgb(48, 51, 54);">\n\n\n    </span><span class="kwd" style="margin: 0px; padding: 0px; border: 0px; color: rgb(16, 16, 148);">if</span><span class="pln" style="margin: 0px; padding: 0px; border: 0px; color: rgb(48, 51, 54);"> </span><span class="pun" style="margin: 0px; padding: 0px; border: 0px; color: rgb(48, 51, 54);">(</span><span class="pln" style="margin: 0px; padding: 0px; border: 0px; color: rgb(48, 51, 54);">view </span><span class="pun" style="margin: 0px; padding: 0px; border: 0px; color: rgb(48, 51, 54);">==</span><span class="pln" style="margin: 0px; padding: 0px; border: 0px; color: rgb(48, 51, 54);"> </span><span class="kwd" style="margin: 0px; padding: 0px; border: 0px; color: rgb(16, 16, 148);">null</span><span class="pun" style="margin: 0px; padding: 0px; border: 0px; color: rgb(48, 51, 54);">)</span><span class="pln" style="margin: 0px; padding: 0px; border: 0px; color: rgb(48, 51, 54);"> </span><span class="pun" style="margin: 0px; padding: 0px; border: 0px; color: rgb(48, 51, 54);">{</span><span class="pln" style="margin: 0px; padding: 0px; border: 0px; color: rgb(48, 51, 54);">\n\n\n        mView </span><span class="pun" style="margin: 0px; padding: 0px; border: 0px; color: rgb(48, 51, 54);">=</span><span class="pln" style="margin: 0px; padding: 0px; border: 0px; color: rgb(48, 51, 54);"> inflater</span><span class="pun" style="margin: 0px; padding: 0px; border: 0px; color: rgb(48, 51, 54);">.</span><span class="pln" style="margin: 0px; padding: 0px; border: 0px; color: rgb(48, 51, 54);">inflate</span><span class="pun" style="margin: 0px; padding: 0px; border: 0px; color: rgb(48, 51, 54);">(</span><span class="pln" style="margin: 0px; padding: 0px; border: 0px; color: rgb(48, 51, 54);">R</span><span class="pun" style="margin: 0px; padding: 0px; border: 0px; color: rgb(48, 51, 54);">.</span><span class="pln" style="margin: 0px; padding: 0px; border: 0px; color: rgb(48, 51, 54);">layout</span><span class="pun" style="margin: 0px; padding: 0px; border: 0px; color: rgb(48, 51, 54);">.</span><span class="pln" style="margin: 0px; padding: 0px; border: 0px; color: rgb(48, 51, 54);">feed_list_row</span><span class="pun" style="margin: 0px; padding: 0px; border: 0px; color: rgb(48, 51, 54);">,</span><span class="pln" style="margin: 0px; padding: 0px; border: 0px; color: rgb(48, 51, 54);"> viewGroup</span><span class="pun" style="margin: 0px; padding: 0px; border: 0px; color: rgb(48, 51, 54);">,</span><span class="pln" style="margin: 0px; padding: 0px; border: 0px; color: rgb(48, 51, 54);"> </span><span class="kwd" style="margin: 0px; padding: 0px; border: 0px; color: rgb(16, 16, 148);">false</span><span class="pun" style="margin: 0px; padding: 0px; border: 0px; color: rgb(48, 51, 54);">);</span><span class="pln" style="margin: 0px; padding: 0px; border: 0px; color: rgb(48, 51, 54);">\n\n        feedNumOfLikes </span><span class="pun" style="margin: 0px; padding: 0px; border: 0px; color: rgb(48, 51, 54);">=</span><span class="pln" style="margin: 0px; padding: 0px; border: 0px; color: rgb(48, 51, 54);"> </span><span class="pun" style="margin: 0px; padding: 0px; border: 0px; color: rgb(48, 51, 54);">(</span><span class="typ" style="margin: 0px; padding: 0px; border: 0px; color: rgb(43, 145, 175);">TextView</span><span class="pun" style="margin: 0px; padding: 0px; border: 0px; color: rgb(48, 51, 54);">)</span><span class="pln" style="margin: 0px; padding: 0px; border: 0px; color: rgb(48, 51, 54);"> mView</span><span class="pun" style="margin: 0px; padding: 0px; border: 0px; color: rgb(48, 51, 54);">.</span><span class="pln" style="margin: 0px; padding: 0px; border: 0px; color: rgb(48, 51, 54);">findViewById</span><span class="pun" style="margin: 0px; padding: 0px; border: 0px; color: rgb(48, 51, 54);">(</span><span class="pln" style="margin: 0px; padding: 0px; border: 0px; color: rgb(48, 51, 54);">R</span><span class="pun" style="margin: 0px; padding: 0px; border: 0px; color: rgb(48, 51, 54);">.</span><span class="pln" style="margin: 0px; padding: 0px; border: 0px; color: rgb(48, 51, 54);">id</span><span class="pun" style="margin: 0px; padding: 0px; border: 0px; color: rgb(48, 51, 54);">.</span><span class="pln" style="margin: 0px; padding: 0px; border: 0px; color: rgb(48, 51, 54);">feedNumofLikes</span><span class="pun" style="margin: 0px; padding: 0px; border: 0px; color: rgb(48, 51, 54);">);</span><span class="pln" style="margin: 0px; padding: 0px; border: 0px; color: rgb(48, 51, 54);">\n        feedUpVoteButton </span><span class="pun" style="margin: 0px; padding: 0px; border: 0px; color: rgb(48, 51, 54);">=</span><span class="pln" style="margin: 0px; padding: 0px; border: 0px; color: rgb(48, 51, 54);"> </span><span class="pun" style="margin: 0px; padding: 0px; border: 0px; color: rgb(48, 51, 54);">(</span><span class="typ" style="margin: 0px; padding: 0px; border: 0px; color: rgb(43, 145, 175);">Button</span><span class="pun" style="margin: 0px; padding: 0px; border: 0px; color: rgb(48, 51, 54);">)</span><span class="pln" style="margin: 0px; padding: 0px; border: 0px; color: rgb(48, 51, 54);"> mView</span><span class="pun" style="margin: 0px; padding: 0px; border: 0px; color: rgb(48, 51, 54);">.</span><span class="pln" style="margin: 0px; padding: 0px; border: 0px; color: rgb(48, 51, 54);">findViewById</span><span class="pun" style="margin: 0px; padding: 0px; border: 0px; color: rgb(48, 51, 54);">(</span><span class="pln" style="margin: 0px; padding: 0px; border: 0px; color: rgb(48, 51, 54);">R</span><span class="pun" style="margin: 0px; padding: 0px; border: 0px; color: rgb(48, 51, 54);">.</span><span class="pln" style="margin: 0px; padding: 0px; border: 0px; color: rgb(48, 51, 54);">id</span><span class="pun" style="margin: 0px; padding: 0px; border: 0px; color: rgb(48, 51, 54);">.</span><span class="pln" style="margin: 0px; padding: 0px; border: 0px; color: rgb(48, 51, 54);">feedUpVoteButton</span><span class="pun" style="margin: 0px; padding: 0px; border: 0px; color: rgb(48, 51, 54);">);</span><span class="pln" style="margin: 0px; padding: 0px; border: 0px; color: rgb(48, 51, 54);">\n        feedDownVoteButton </span><span class="pun" style="margin: 0px; padding: 0px; border: 0px; color: rgb(48, 51, 54);">=</span><span class="pln" style="margin: 0px; padding: 0px; border: 0px; color: rgb(48, 51, 54);"> </span><span class="pun" style="margin: 0px; padding: 0px; border: 0px; color: rgb(48, 51, 54);">(</span><span class="typ" style="margin: 0px; padding: 0px; border: 0px; color: rgb(43, 145, 175);">Button</span><span class="pun" style="margin: 0px; padding: 0px; border: 0px; color: rgb(48, 51, 54);">)</span><span class="pln" style="margin: 0px; padding: 0px; border: 0px; color: rgb(48, 51, 54);"> mView</span><span class="pun" style="margin: 0px; padding: 0px; border: 0px; color: rgb(48, 51, 54);">.</span><span class="pln" style="margin: 0px; padding: 0px; border: 0px; color: rgb(48, 51, 54);">findViewById</span><span class="pun" style="margin: 0px; padding: 0px; border: 0px; color: rgb(48, 51, 54);">(</span><span class="pln" style="margin: 0px; padding: 0px; border: 0px; color: rgb(48, 51, 54);">R</span><span class="pun" style="margin: 0px; padding: 0px; border: 0px; color: rgb(48, 51, 54);">.</span><span class="pln" style="margin: 0px; padding: 0px; border: 0px; color: rgb(48, 51, 54);">id</span><span class="pun" style="margin: 0px; padding: 0px; border: 0px; color: rgb(48, 51, 54);">.</span><span class="pln" style="margin: 0px; padding: 0px; border: 0px; color: rgb(48, 51, 54);">feedDownVoteButton</span><span class="pun" style="margin: 0px; padding: 0px; border: 0px; color: rgb(48, 51, 54);">);</span><span class="pln" style="margin: 0px; padding: 0px; border: 0px; color: rgb(48, 51, 54);">\n\n        </span><span class="typ" style="margin: 0px; padding: 0px; border: 0px; color: rgb(43, 145, 175);">HashMap</span><span class="pun" style="margin: 0px; padding: 0px; border: 0px; color: rgb(48, 51, 54);">&lt;</span><span class="typ" style="margin: 0px; padding: 0px; border: 0px; color: rgb(43, 145, 175);">String</span><span class="pun" style="margin: 0px; padding: 0px; border: 0px; color: rgb(48, 51, 54);">,</span><span class="pln" style="margin: 0px; padding: 0px; border: 0px; color: rgb(48, 51, 54);"> </span><span class="typ" style="margin: 0px; padding: 0px; border: 0px; color: rgb(43, 145, 175);">String</span><span class="pun" style="margin: 0px; padding: 0px; border: 0px; color: rgb(48, 51, 54);">&gt;</span><span class="pln" style="margin: 0px; padding: 0px; border: 0px; color: rgb(48, 51, 54);"> mFeed </span><span class="pun" style="margin: 0px; padding: 0px; border: 0px; color: rgb(48, 51, 54);">=</span><span class="pln" style="margin: 0px; padding: 0px; border: 0px; color: rgb(48, 51, 54);"> </span><span class="kwd" style="margin: 0px; padding: 0px; border: 0px; color: rgb(16, 16, 148);">new</span><span class="pln" style="margin: 0px; padding: 0px; border: 0px; color: rgb(48, 51, 54);"> </span><span class="typ" style="margin: 0px; padding: 0px; border: 0px; color: rgb(43, 145, 175);">HashMap</span><span class="pun" style="margin: 0px; padding: 0px; border: 0px; color: rgb(48, 51, 54);">&lt;&gt;();</span><span class="pln" style="margin: 0px; padding: 0px; border: 0px; color: rgb(48, 51, 54);">\n        mFeed </span><span class="pun" style="margin: 0px; padding: 0px; border: 0px; color: rgb(48, 51, 54);">=</span><span class="pln" style="margin: 0px; padding: 0px; border: 0px; color: rgb(48, 51, 54);"> feed</span><span class="pun" style="margin: 0px; padding: 0px; border: 0px; color: rgb(48, 51, 54);">.</span><span class="pln" style="margin: 0px; padding: 0px; border: 0px; color: rgb(48, 51, 54);">get</span><span class="pun" style="margin: 0px; padding: 0px; border: 0px; color: rgb(48, 51, 54);">(</span><span class="pln" style="margin: 0px; padding: 0px; border: 0px; color: rgb(48, 51, 54);">i</span><span class="pun" style="margin: 0px; padding: 0px; border: 0px; color: rgb(48, 51, 54);">);</span><span class="pln" style="margin: 0px; padding: 0px; border: 0px; color: rgb(48, 51, 54);">\n\n       </span><span class="com" style="margin: 0px; padding: 0px; border: 0px; color: rgb(133, 140, 147);">// feedUpVoteButton.setTag(i);</span><span class="pln" style="margin: 0px; padding: 0px; border: 0px; color: rgb(48, 51, 54);">\n      </span><span class="com" style="margin: 0px; padding: 0px; border: 0px; color: rgb(133, 140, 147);">//  feedNumOfLikes.setTag(i);</span><span class="pln" style="margin: 0px; padding: 0px; border: 0px; color: rgb(48, 51, 54);">\n\n\n        feedUpVoteButton</span><span class="pun" style="margin: 0px; padding: 0px; border: 0px; color: rgb(48, 51, 54);">.</span><span class="pln" style="margin: 0px; padding: 0px; border: 0px; color: rgb(48, 51, 54);">setOnClickListener</span><span class="pun" style="margin: 0px; padding: 0px; border: 0px; color: rgb(48, 51, 54);">(</span><span class="kwd" style="margin: 0px; padding: 0px; border: 0px; color: rgb(16, 16, 148);">this</span><span class="pun" style="margin: 0px; padding: 0px; border: 0px; color: rgb(48, 51, 54);">);</span><span class="pln" style="margin: 0px; padding: 0px; border: 0px; color: rgb(48, 51, 54);">\n\n    </span><span class="pun" style="margin: 0px; padding: 0px; border: 0px; color: rgb(48, 51, 54);">}</span><span class="pln" style="margin: 0px; padding: 0px; border: 0px; color: rgb(48, 51, 54);">\n    </span><span class="kwd" style="margin: 0px; padding: 0px; border: 0px; color: rgb(16, 16, 148);">return</span><span class="pln" style="margin: 0px; padding: 0px; border: 0px; color: rgb(48, 51, 54);"> mView;</span></code></pre><pre class="lang-java prettyprint prettyprinted" style="margin-bottom: 1em; padding: 5px; border-width: 0px; border-style: initial; border-color: initial; width: auto; max-height: 600px; font-family: Consolas, Menlo, Monaco, &quot;Lucida Console&quot;, &quot;Liberation Mono&quot;, &quot;DejaVu Sans Mono&quot;, &quot;Bitstream Vera Sans Mono&quot;, &quot;Courier New&quot;, monospace, sans-serif; background-color: rgb(239, 240, 241); color: rgb(57, 51, 24); word-wrap: normal;"><code style="margin: 0px; border: 0px; font-size: 13px; font-family: Consolas, Menlo, Monaco, &quot;Lucida Console&quot;, &quot;Liberation Mono&quot;, &quot;DejaVu Sans Mono&quot;, &quot;Bitstream Vera Sans Mono&quot;, &quot;Courier New&quot;, monospace, sans-serif; background-color: rgb(239, 240, 241); white-space: inherit;"><span class="pln" style="margin: 0px; padding: 0px; border: 0px; color: rgb(48, 51, 54);"><br></span></code>}</pre><pre class="lang-java prettyprint prettyprinted" style="margin-bottom: 1em; padding: 5px; border-width: 0px; border-style: initial; border-color: initial; width: auto; max-height: 600px; font-family: Consolas, Menlo, Monaco, &quot;Lucida Console&quot;, &quot;Liberation Mono&quot;, &quot;DejaVu Sans Mono&quot;, &quot;Bitstream Vera Sans Mono&quot;, &quot;Courier New&quot;, monospace, sans-serif; background-color: rgb(239, 240, 241); color: rgb(57, 51, 24); word-wrap: normal;"><code style="margin: 0px; border: 0px; font-size: 13px; font-family: Consolas, Menlo, Monaco, &quot;Lucida Console&quot;, &quot;Liberation Mono&quot;, &quot;DejaVu Sans Mono&quot;, &quot;Bitstream Vera Sans Mono&quot;, &quot;Courier New&quot;, monospace, sans-serif; background-color: rgb(239, 240, 241); white-space: inherit;"><span class="pln" style="margin: 0px; padding: 0px; border: 0px; color: rgb(48, 51, 54);">\n</span></code></pre>    ', 532, '2016-12-13 00:51:51', 3, 1, ''),
(40, 'ravitejamajeti', 'Android ListView with different layouts for each row', '<p><span style="color: rgb(36, 39, 41); font-family: Arial, &quot;Helvetica Neue&quot;, Helvetica, sans-serif; font-size: 15px;">I am trying to determine the best way to have a single ListView that contains different layouts for each row. I know how to create a custom row + custom array adapter to support a custom row for the entire list view, but how can I implement many different row styles in the ListView?</span></p>', 86, '2016-12-13 00:51:07', -2, 0, ''),
(41, 'ravitejamajeti', 'SQL injection that gets around mysql_real_escape_string()', '<p style="margin-bottom: 1em; padding: 0px; border: 0px; font-size: 15px; clear: both; color: rgb(36, 39, 41); font-family: Arial, &quot;Helvetica Neue&quot;, Helvetica, sans-serif;">Is there an SQL injection possibility even when using&nbsp;<code style="margin: 0px; padding: 1px 5px; border: 0px; font-size: 13px; font-family: Consolas, Menlo, Monaco, &quot;Lucida Console&quot;, &quot;Liberation Mono&quot;, &quot;DejaVu Sans Mono&quot;, &quot;Bitstream Vera Sans Mono&quot;, &quot;Courier New&quot;, monospace, sans-serif; background-color: rgb(239, 240, 241); white-space: pre-wrap;">mysql_real_escape_string()</code>&nbsp;function?</p><p style="margin-bottom: 1em; padding: 0px; border: 0px; font-size: 15px; clear: both; color: rgb(36, 39, 41); font-family: Arial, &quot;Helvetica Neue&quot;, Helvetica, sans-serif;">Consider this sample situation. SQL is constructed in PHP like this:</p><pre class="default prettyprint prettyprinted" style="margin-bottom: 1em; padding: 5px; border-width: 0px; border-style: initial; border-color: initial; width: auto; max-height: 600px; font-family: Consolas, Menlo, Monaco, &quot;Lucida Console&quot;, &quot;Liberation Mono&quot;, &quot;DejaVu Sans Mono&quot;, &quot;Bitstream Vera Sans Mono&quot;, &quot;Courier New&quot;, monospace, sans-serif; background-color: rgb(239, 240, 241); color: rgb(57, 51, 24); word-wrap: normal;"><code style="margin: 0px; border: 0px; font-size: 13px; font-family: Consolas, Menlo, Monaco, &quot;Lucida Console&quot;, &quot;Liberation Mono&quot;, &quot;DejaVu Sans Mono&quot;, &quot;Bitstream Vera Sans Mono&quot;, &quot;Courier New&quot;, monospace, sans-serif; background-color: rgb(239, 240, 241); white-space: inherit;"><span class="pln" style="margin: 0px; padding: 0px; border: 0px; color: rgb(48, 51, 54);">$login </span><span class="pun" style="margin: 0px; padding: 0px; border: 0px; color: rgb(48, 51, 54);">=</span><span class="pln" style="margin: 0px; padding: 0px; border: 0px; color: rgb(48, 51, 54);"> mysql_real_escape_string</span><span class="pun" style="margin: 0px; padding: 0px; border: 0px; color: rgb(48, 51, 54);">(</span><span class="typ" style="margin: 0px; padding: 0px; border: 0px; color: rgb(43, 145, 175);">GetFromPost</span><span class="pun" style="margin: 0px; padding: 0px; border: 0px; color: rgb(48, 51, 54);">(</span><span class="str" style="margin: 0px; padding: 0px; border: 0px; color: rgb(125, 39, 39);">''login''</span><span class="pun" style="margin: 0px; padding: 0px; border: 0px; color: rgb(48, 51, 54);">));</span><span class="pln" style="margin: 0px; padding: 0px; border: 0px; color: rgb(48, 51, 54);">\r\n$password </span><span class="pun" style="margin: 0px; padding: 0px; border: 0px; color: rgb(48, 51, 54);">=</span><span class="pln" style="margin: 0px; padding: 0px; border: 0px; color: rgb(48, 51, 54);"> mysql_real_escape_string</span><span class="pun" style="margin: 0px; padding: 0px; border: 0px; color: rgb(48, 51, 54);">(</span><span class="typ" style="margin: 0px; padding: 0px; border: 0px; color: rgb(43, 145, 175);">GetFromPost</span><span class="pun" style="margin: 0px; padding: 0px; border: 0px; color: rgb(48, 51, 54);">(</span><span class="str" style="margin: 0px; padding: 0px; border: 0px; color: rgb(125, 39, 39);">''password''</span><span class="pun" style="margin: 0px; padding: 0px; border: 0px; color: rgb(48, 51, 54);">));</span><span class="pln" style="margin: 0px; padding: 0px; border: 0px; color: rgb(48, 51, 54);">\r\n\r\n$sql </span><span class="pun" style="margin: 0px; padding: 0px; border: 0px; color: rgb(48, 51, 54);">=</span><span class="pln" style="margin: 0px; padding: 0px; border: 0px; color: rgb(48, 51, 54);"> </span><span class="str" style="margin: 0px; padding: 0px; border: 0px; color: rgb(125, 39, 39);">"SELECT * FROM table WHERE login=''$login'' AND password=''$password''"</span><span class="pun" style="margin: 0px; padding: 0px; border: 0px; color: rgb(48, 51, 54);">;</span></code></pre><p style="margin-bottom: 1em; padding: 0px; border: 0px; font-size: 15px; clear: both; color: rgb(36, 39, 41); font-family: Arial, &quot;Helvetica Neue&quot;, Helvetica, sans-serif;">I have heard numerous people say to me that a code like that is still dangerous and possible to hack even with&nbsp;<code style="margin: 0px; padding: 1px 5px; border: 0px; font-size: 13px; font-family: Consolas, Menlo, Monaco, &quot;Lucida Console&quot;, &quot;Liberation Mono&quot;, &quot;DejaVu Sans Mono&quot;, &quot;Bitstream Vera Sans Mono&quot;, &quot;Courier New&quot;, monospace, sans-serif; background-color: rgb(239, 240, 241); white-space: pre-wrap;">mysql_real_escape_string()</code>&nbsp;function used. But I cannot think of any possible exploit?</p><p style="margin-bottom: 1em; padding: 0px; border: 0px; font-size: 15px; clear: both; color: rgb(36, 39, 41); font-family: Arial, &quot;Helvetica Neue&quot;, Helvetica, sans-serif;">Classic injections like this:</p><pre class="default prettyprint prettyprinted" style="margin-bottom: 1em; padding: 5px; border-width: 0px; border-style: initial; border-color: initial; width: auto; max-height: 600px; font-family: Consolas, Menlo, Monaco, &quot;Lucida Console&quot;, &quot;Liberation Mono&quot;, &quot;DejaVu Sans Mono&quot;, &quot;Bitstream Vera Sans Mono&quot;, &quot;Courier New&quot;, monospace, sans-serif; background-color: rgb(239, 240, 241); color: rgb(57, 51, 24); word-wrap: normal;"><code style="margin: 0px; border: 0px; font-size: 13px; font-family: Consolas, Menlo, Monaco, &quot;Lucida Console&quot;, &quot;Liberation Mono&quot;, &quot;DejaVu Sans Mono&quot;, &quot;Bitstream Vera Sans Mono&quot;, &quot;Courier New&quot;, monospace, sans-serif; background-color: rgb(239, 240, 241); white-space: inherit;"><span class="pln" style="margin: 0px; padding: 0px; border: 0px; color: rgb(48, 51, 54);">aaa</span><span class="str" style="margin: 0px; padding: 0px; border: 0px; color: rgb(125, 39, 39);">'' OR 1=1 --</span></code></pre><p style="margin-bottom: 1em; padding: 0px; border: 0px; font-size: 15px; clear: both; color: rgb(36, 39, 41); font-family: Arial, &quot;Helvetica Neue&quot;, Helvetica, sans-serif;">do not work.</p><p style="margin-bottom: 1em; padding: 0px; border: 0px; font-size: 15px; clear: both; color: rgb(36, 39, 41); font-family: Arial, &quot;Helvetica Neue&quot;, Helvetica, sans-serif;">Do you know of any possible injection that would get through the PHP code above?</p>', 12, '2016-10-31 05:16:33', 0, 0, ''),
(42, 'hyma', 'How do you change the width and height of Twitter Bootstrap''s tooltips?', '<p style="margin-bottom: 1em; padding: 0px; border: 0px; font-size: 15px; clear: both; color: rgb(36, 39, 41); font-family: Arial, &quot;Helvetica Neue&quot;, Helvetica, sans-serif;">I created a tooltip using Twitter Bootstrap.</p><p style="margin-bottom: 1em; padding: 0px; border: 0px; font-size: 15px; clear: both; color: rgb(36, 39, 41); font-family: Arial, &quot;Helvetica Neue&quot;, Helvetica, sans-serif;">The tooltip is displaying with three lines. However, I would like to display the tooltip with only one line.</p><p style="margin-bottom: 1em; padding: 0px; border: 0px; font-size: 15px; clear: both; color: rgb(36, 39, 41); font-family: Arial, &quot;Helvetica Neue&quot;, Helvetica, sans-serif;">How do I change the width of the tooltip? Is this specific to Twitter Bootstrap or to tooltips themselves?</p>', 66, '2016-12-12 23:47:01', 0, 0, ''),
(43, 'hyma', 'What happens if one brings more than 10,000 USD with them into the US?', '<p><span style="color: rgb(36, 39, 41); font-family: Arial, &quot;Helvetica Neue&quot;, Helvetica, sans-serif; font-size: 15px;">Suppose one has $1,000,000 in a suitcase and they are flying to the US. Suppose they check the box in their customs form that says they''re bringing more than $10,000 with them. They show the form to the CBP agent. What happens next?</span></p>', 2, '2016-10-25 18:01:10', 0, 0, ''),
(44, 'hyma', 'How to deal with a landlord charging more than what is specified in the lease when I break the lease?', '<p style="margin-bottom: 1em; padding: 0px; border: 0px; font-size: 15px; clear: both; color: rgb(36, 39, 41); font-family: Arial, &quot;Helvetica Neue&quot;, Helvetica, sans-serif;">I am not from the U.S. and this is my first experience breaking the lease. I had to break it to move for a new job, and no one would like to sublet the apartment since it is a damp basement. The situation is like the following:</p><ol style="margin-right: 0px; margin-bottom: 1em; margin-left: 30px; padding: 0px; border: 0px; font-size: 15px; color: rgb(36, 39, 41); font-family: Arial, &quot;Helvetica Neue&quot;, Helvetica, sans-serif;"><li style="margin: 0px 0px 0.5em; padding: 0px; border: 0px; word-wrap: break-word;"><p style="margin-bottom: 0px; padding: 0px; border: 0px; clear: both;">I offered to pay the amount exactly as agreed upon in lease.</p></li><li style="margin: 0px; padding: 0px; border: 0px; word-wrap: break-word;"><p style="margin-bottom: 0px; padding: 0px; border: 0px; clear: both;">The leasing company claims that there are more damages to the apartment, but I previously had reported them to the maintenance staff a long time ago. Moreover, they are not damages I caused. Mold grew there because the apartment was damp as a basement unit.</p></li></ol><p style="margin-bottom: 1em; padding: 0px; border: 0px; font-size: 15px; clear: both; color: rgb(36, 39, 41); font-family: Arial, &quot;Helvetica Neue&quot;, Helvetica, sans-serif;">My questions are:</p><ol style="margin-right: 0px; margin-bottom: 1em; margin-left: 30px; padding: 0px; border: 0px; font-size: 15px; color: rgb(36, 39, 41); font-family: Arial, &quot;Helvetica Neue&quot;, Helvetica, sans-serif;"><li style="margin: 0px 0px 0.5em; padding: 0px; border: 0px; word-wrap: break-word;"><p style="margin-bottom: 0px; padding: 0px; border: 0px; clear: both;">What can the leasing company do, and what should I do to be prepared?</p></li><li style="margin: 0px; padding: 0px; border: 0px; word-wrap: break-word;"><p style="margin-bottom: 0px; padding: 0px; border: 0px; clear: both;">If the landlord uses a collection agency, how should I deal with the collector? Can it affect my credit and if so, on what time scale, and how can I appeal?</p></li></ol><p style="margin-bottom: 1em; padding: 0px; border: 0px; font-size: 15px; clear: both; color: rgb(36, 39, 41); font-family: Arial, &quot;Helvetica Neue&quot;, Helvetica, sans-serif;">Thank you very much for your help!</p>', 16, '2016-10-19 03:19:55', 0, 0, ''),
(45, 'hyma', 'android listview viewholder. when to use it, and when not to', '<p><span style="color: rgb(36, 39, 41); font-family: Arial, &quot;Helvetica Neue&quot;, Helvetica, sans-serif; font-size: 15px;">I have a ListView with a custom list adapter. In the getView() method, am using the ViewHolder ''pattern'' as shown in the API Demos for ListView14.java. When i first render the list it seems to load correctly. However, the issue i''m running into is that when i scroll the list, i''m seeing the data for the list show up in the wrong rows (i.e. a TextView that should be in row 10 is showing up in row 2 for example). However, when I do not use the viewholder, and instead call findViewById() every time, then the list view renders correctly.</span></p>', 46, '2016-10-31 20:11:05', 0, 0, ''),
(46, 'hyma', 'How to optimize Android ListView?', '<p style="margin-bottom: 1em; padding: 0px; border: 0px; font-size: 15px; clear: both; color: rgb(36, 39, 41); font-family: Arial, &quot;Helvetica Neue&quot;, Helvetica, sans-serif;">I have customized my ListAdapter and i show 3 different Images (items) in 1 row. It works perfectly (according to it''s function). However, it''s not possible to scroll the ListView smoothly.</p><p style="margin-bottom: 1em; padding: 0px; border: 0px; font-size: 15px; clear: both; color: rgb(36, 39, 41); font-family: Arial, &quot;Helvetica Neue&quot;, Helvetica, sans-serif;">I am using setBackgroundImage on ImageViews and i use an HashMap to cache resourceId; so i don''t have to use</p><p style="margin-bottom: 1em; padding: 0px; border: 0px; font-size: 15px; clear: both; color: rgb(36, 39, 41); font-family: Arial, &quot;Helvetica Neue&quot;, Helvetica, sans-serif;"><code style="margin: 0px; padding: 1px 5px; border: 0px; font-size: 13px; font-family: Consolas, Menlo, Monaco, &quot;Lucida Console&quot;, &quot;Liberation Mono&quot;, &quot;DejaVu Sans Mono&quot;, &quot;Bitstream Vera Sans Mono&quot;, &quot;Courier New&quot;, monospace, sans-serif; background-color: rgb(239, 240, 241); white-space: pre-wrap;">resId=getContext().getResources().getIdentifier(resName, "drawable",appContext.getPackageName());</code></p><p style="margin-bottom: 1em; padding: 0px; border: 0px; font-size: 15px; clear: both; color: rgb(36, 39, 41); font-family: Arial, &quot;Helvetica Neue&quot;, Helvetica, sans-serif;">again and again.</p><p style="margin-bottom: 1em; padding: 0px; border: 0px; font-size: 15px; clear: both; color: rgb(36, 39, 41); font-family: Arial, &quot;Helvetica Neue&quot;, Helvetica, sans-serif;">I think i am missing something as the ListView is not scrolling well. Also if i try it on a tablet where my code automatically fills more than 3 items on a row, tablet''s listview is almost unscrollable.</p><p style="margin-bottom: 1em; padding: 0px; border: 0px; font-size: 15px; clear: both; color: rgb(36, 39, 41); font-family: Arial, &quot;Helvetica Neue&quot;, Helvetica, sans-serif;">What am i doing wrong here?</p><p style="margin-bottom: 1em; padding: 0px; border: 0px; font-size: 15px; clear: both; color: rgb(36, 39, 41); font-family: Arial, &quot;Helvetica Neue&quot;, Helvetica, sans-serif;"><strong style="margin: 0px; padding: 0px; border: 0px;">UPDATE:</strong></p><p style="margin-bottom: 1em; padding: 0px; border: 0px; font-size: 15px; clear: both; color: rgb(36, 39, 41); font-family: Arial, &quot;Helvetica Neue&quot;, Helvetica, sans-serif;">I create ListView programmatically in my Flags (country flags) Activity''s onCreate method:</p>', 0, '2016-10-18 18:35:31', 0, 0, ''),
(47, 'hyma', 'PHP Security checklist (injection, sessions etc)', '<p style="margin-bottom: 1em; padding: 0px; border: 0px; font-size: 15px; clear: both; color: rgb(36, 39, 41); font-family: Arial, &quot;Helvetica Neue&quot;, Helvetica, sans-serif;">So what kind of things should a person using PHP and MySql be focused on to maximize security.</p><p style="margin-bottom: 1em; padding: 0px; border: 0px; font-size: 15px; clear: both; color: rgb(36, 39, 41); font-family: Arial, &quot;Helvetica Neue&quot;, Helvetica, sans-serif;">Things I have done:<br>-mysql_real_escape_string all inputs<br>-validate all inputs after escaping em<br>-Placed random alpha numerics before my table names<br>-50character salt + Ripemd passwords</p><p style="margin-bottom: 1em; padding: 0px; border: 0px; font-size: 15px; clear: both; color: rgb(36, 39, 41); font-family: Arial, &quot;Helvetica Neue&quot;, Helvetica, sans-serif;">Heres where I think I am slacking:<br>-I know know nothing about sessions and securing them. How unsafe/safe is it if all you are doing is:</p><pre class="default prettyprint prettyprinted" style="margin-bottom: 1em; padding: 5px; border-width: 0px; border-style: initial; border-color: initial; width: auto; max-height: 600px; font-family: Consolas, Menlo, Monaco, &quot;Lucida Console&quot;, &quot;Liberation Mono&quot;, &quot;DejaVu Sans Mono&quot;, &quot;Bitstream Vera Sans Mono&quot;, &quot;Courier New&quot;, monospace, sans-serif; background-color: rgb(239, 240, 241); color: rgb(57, 51, 24); word-wrap: normal;"><code style="margin: 0px; border: 0px; font-size: 13px; font-family: Consolas, Menlo, Monaco, &quot;Lucida Console&quot;, &quot;Liberation Mono&quot;, &quot;DejaVu Sans Mono&quot;, &quot;Bitstream Vera Sans Mono&quot;, &quot;Courier New&quot;, monospace, sans-serif; background-color: rgb(239, 240, 241); white-space: inherit;"><span class="pln" style="margin: 0px; padding: 0px; border: 0px; color: rgb(48, 51, 54);">session_start</span><span class="pun" style="margin: 0px; padding: 0px; border: 0px; color: rgb(48, 51, 54);">();</span><span class="pln" style="margin: 0px; padding: 0px; border: 0px; color: rgb(48, 51, 54);"> \r\n$_SESSION</span><span class="pun" style="margin: 0px; padding: 0px; border: 0px; color: rgb(48, 51, 54);">[</span><span class="str" style="margin: 0px; padding: 0px; border: 0px; color: rgb(125, 39, 39);">''login''</span><span class="pun" style="margin: 0px; padding: 0px; border: 0px; color: rgb(48, 51, 54);">]=</span><span class="pln" style="margin: 0px; padding: 0px; border: 0px; color: rgb(48, 51, 54);"> $login</span><span class="pun" style="margin: 0px; padding: 0px; border: 0px; color: rgb(48, 51, 54);">;</span></code></pre><p style="margin-bottom: 1em; padding: 0px; border: 0px; font-size: 15px; clear: both; color: rgb(36, 39, 41); font-family: Arial, &quot;Helvetica Neue&quot;, Helvetica, sans-serif;">and checking it with:</p><pre class="default prettyprint prettyprinted" style="margin-bottom: 1em; padding: 5px; border-width: 0px; border-style: initial; border-color: initial; width: auto; max-height: 600px; font-family: Consolas, Menlo, Monaco, &quot;Lucida Console&quot;, &quot;Liberation Mono&quot;, &quot;DejaVu Sans Mono&quot;, &quot;Bitstream Vera Sans Mono&quot;, &quot;Courier New&quot;, monospace, sans-serif; background-color: rgb(239, 240, 241); color: rgb(57, 51, 24); word-wrap: normal;"><code style="margin: 0px; border: 0px; font-size: 13px; font-family: Consolas, Menlo, Monaco, &quot;Lucida Console&quot;, &quot;Liberation Mono&quot;, &quot;DejaVu Sans Mono&quot;, &quot;Bitstream Vera Sans Mono&quot;, &quot;Courier New&quot;, monospace, sans-serif; background-color: rgb(239, 240, 241); white-space: inherit;"><span class="pln" style="margin: 0px; padding: 0px; border: 0px; color: rgb(48, 51, 54);">session_start</span><span class="pun" style="margin: 0px; padding: 0px; border: 0px; color: rgb(48, 51, 54);">();</span><span class="pln" style="margin: 0px; padding: 0px; border: 0px; color: rgb(48, 51, 54);">\r\n</span><span class="kwd" style="margin: 0px; padding: 0px; border: 0px; color: rgb(16, 16, 148);">if</span><span class="pun" style="margin: 0px; padding: 0px; border: 0px; color: rgb(48, 51, 54);">(</span><span class="pln" style="margin: 0px; padding: 0px; border: 0px; color: rgb(48, 51, 54);">isset</span><span class="pun" style="margin: 0px; padding: 0px; border: 0px; color: rgb(48, 51, 54);">(</span><span class="pln" style="margin: 0px; padding: 0px; border: 0px; color: rgb(48, 51, 54);">$_SESSION</span><span class="pun" style="margin: 0px; padding: 0px; border: 0px; color: rgb(48, 51, 54);">[</span><span class="str" style="margin: 0px; padding: 0px; border: 0px; color: rgb(125, 39, 39);">''login''</span><span class="pun" style="margin: 0px; padding: 0px; border: 0px; color: rgb(48, 51, 54);">])){</span></code></pre>', 2, '2016-10-18 20:45:14', 0, 0, ''),
(49, 'hyma', 'My ListView backgrounds go black during scrolling - how to fix?', '<span style="color: rgb(36, 39, 41); font-family: Arial, &quot;Helvetica Neue&quot;, Helvetica, sans-serif; font-size: 15px;">Ive specified white backgrounds for pretty much all widgets and it works, except when scrolling. The background container goes black during scrolling resulting in annoying flickering.</span>', 5, '2016-10-18 20:45:07', 0, 0, ''),
(50, 'hyma', 'zkxcz,knlZLSJCLZKJC', '<p>zldkcjlzkdjladslkd;akd;askdal;sd</p>', 2, '2016-10-18 20:45:10', 0, 0, ''),
(51, 'hyma', 'asdkasljdald', '<p>lkdsjaldjalsdaslkajdljasldjalsdjalskdjlasdjladsad</p>', 14, '2016-11-22 18:08:03', 1, 0, ''),
(52, 'hyma', 'akdalsdjaldjaldjlasdj', '<p>laskjdaldjladjaksldajldjaldjalsdjaldsad</p>', 1, '2016-11-22 18:08:40', 0, 0, ''),
(53, 'pvenkman', 'what happens when I ~!@#$%^&*()_+_)(*&^%$#@!~}{:"><??:{}+}\\|}{P{}|-/*?', '<pre style="color: rgb(0, 0, 0); white-space: pre-wrap;">what happens when I ~!@#$%^&amp;*()_+_)(*&amp;^%$#@!~}{:"&gt;&lt;??:{}+}\\|}{P{}|-/*?</pre>', 14, '2016-11-22 17:54:52', 1, 0, ''),
(54, 'pvenkman', 'aldkjlkdjasldkj', '<p>kajldjalsdkjaslkdajlsdjad</p>', 1, '2016-10-25 18:01:19', 0, 0, ''),
(55, 'pvenkman', 'what happens when I ~!@#$%^&*()_+_)(*&^%$#@!~}{:"><??:{}+}\\|}{P{}|-/*?', '<pre style="line-height: 1.42857; color: rgb(0, 0, 0); white-space: pre-wrap;">what happens when I ~!@#$%^&amp;*()_+_)(*&amp;^%$#@!~}{:"&gt;&lt;??:{}+}\\|}{P{}|-/*?</pre>', 3, '2016-12-12 23:46:24', 0, 0, ''),
(56, 'pvenkman', 'given a directory, /path/to/plugin, how can I write a zsh function that sources /path/to/myplugin/myplugin.plugin.zsh?', '<h1 itemprop="name" style="margin-top: 0px; margin-bottom: 0.5em; padding: 0px; border: 0px; font-size: 22px; line-height: 1.3; color: rgb(36, 39, 41); font-family: Arial, &quot;Helvetica Neue&quot;, Helvetica, sans-serif;"><a href="http://stackoverflow.com/questions/40120661/given-a-directory-path-to-plugin-how-can-i-write-a-zsh-function-that-sources" class="question-hyperlink" style="margin: 0px 0px 0.5em; padding: 0px; border: 0px; font-size: 24px; color: rgb(36, 39, 41); cursor: pointer; line-height: 1.35;">given a directory, /path/to/plugin, how can I write a zsh function that sources /path/to/myplugin/myplugin.plugin.zsh?</a></h1>', 32, '2016-10-29 20:19:43', 0, 0, ''),
(57, 'ravitejamajeti', 'question for votes', '<p>question for votesquestion for votesquestion for votesquestion for votesquestion for votesquestion for votesquestion for votes</p>', 20, '2016-11-22 23:45:25', 1, 0, ''),
(58, 'ravitejamajeti', 'test for votestest for votestest for votes', '<p>test for votestest for votestest for votestest for votestest for votestest for votestest for votestest for votes</p>', 80, '2016-12-13 00:49:44', 4, 1, ''),
(76, 'ravitejamajeti', '       ''~!@#$%^&*()_+_)(*&^%$#@!~}{:"><!--??:{}+}\\|}{P{}|-/*?~!@#$%^&*()_+_)(*&^%$#@!~}{:"--><!--??:{}+}\\|}{P{}|-/*?~!@#$%^&*()_+_)(*&^%$#@!~}{:"--><!--??:{}+}\\|}{P{}|-/*?~!@#$%^&*()_+_)(*&^%$#@!~}{:"--><!--??:{}+}\\|}{P{}|-/*? \\n\\n <!-- unless you cannot read this ---->  <!-- Yes i can read this-->      ', ' <pre style="color: rgb(0, 0, 0); white-space: pre-wrap;">~!@#$%^&amp;*()_+_)(*&amp;^%$#@!~}{:"&gt;&lt;??:{}+}\\|}{P{}|-/*?~!@#$%^&amp;*()_+_)(*&amp;^%$#@!~}{:"&gt;&lt;??:{}+}\\|}{P{}|-/*?~!@#$%^&amp;*()_+_)(*&amp;^%$#@!~}{:"&gt;&lt;??:{}+}\\|}{P{}|-/*?~!@#$%^&amp;*()_+_)(*&amp;^%$#@!~}{:"&gt;&lt;??:{}+}\\|}{P{}|-/*? \\n\\n &lt;!-- unless you cannot read this --&gt;</pre> ', 18, '2016-11-22 18:40:42', 0, 0, ''),
(77, 'ravitejamajeti', 'Tags question', '<p>Tags questionTags questionTags questionTags questionTags questionTags question</p>', 0, '2016-12-06 19:45:24', 0, 0, 'tag1 tag2 tag3'),
(78, 'ravitejamajeti', 'Tags question2', '<p>Tags questionTags questionTags questionTags questionTags question</p>', 0, '2016-12-06 19:45:24', 0, 0, 'tag2 tag1 tag3'),
(79, 'ravitejamajeti', 'Tags question 3', '<p>Tags questionTags questionTags questionTags questionTags question</p>', 0, '2016-12-06 19:45:24', 0, 0, 'tag2 tag3 tag1');
INSERT INTO `questions` (`qid`, `qnd_user`, `question_title`, `question`, `views`, `q_created`, `votes`, `freeze`, `tags`) VALUES
(80, 'ravitejamajeti', 'Tags question 4', '<p>\r\n\r\n\r\n\r\n\r\n<style type="text/css">\r\np.p1 {margin: 0.0px 0.0px 0.0px 0.0px; font: 10.7px Courier; color: #770088; -webkit-text-stroke: #770088; background-color: #e5e5e5}\r\nspan.s1 {font-kerning: none}\r\nspan.s2 {font-kerning: none; color: #444444; -webkit-text-stroke: 0px #444444}\r\nspan.s3 {font-kerning: none; color: #0055aa; -webkit-text-stroke: 0px #0055aa}\r\nspan.s4 {font-kerning: none; color: #770088; -webkit-text-stroke: 0px #770088}\r\nspan.s5 {font-kerning: none; color: #aa1111; -webkit-text-stroke: 0px #aa1111}\r\n</style>\r\n\r\n\r\n</p><p class="p1"><span class="s1"><a href="http://localhost/phpmyadmin/url.php?url=http://dev.mysql.com/doc/refman/5.5/en/select.html">SELECT</a></span><span class="s2"> * </span><span class="s1">FROM</span><span class="s2"> </span><span class="s3">`questions`</span><span class="s2"> </span><span class="s1">WHERE</span><span class="s2"> tags <a href="http://localhost/phpmyadmin/url.php?url=http://dev.mysql.com/doc/refman/5.5/en/string-comparison-functions.html#operator_like"><span class="s4">like</span></a> </span><span class="s5">''tag1 %''</span><span class="s2"> <a href="http://localhost/phpmyadmin/url.php?url=http://dev.mysql.com/doc/refman/5.5/en/logical-operators.html#operator_or"><span class="s4">or</span></a> tags <a href="http://localhost/phpmyadmin/url.php?url=http://dev.mysql.com/doc/refman/5.5/en/string-comparison-functions.html#operator_like"><span class="s4">like</span></a> </span><span class="s5">''% tag1 %''</span><span class="s2"> <a href="http://localhost/phpmyadmin/url.php?url=http://dev.mysql.com/doc/refman/5.5/en/logical-operators.html#operator_or"><span class="s4">or</span></a> tags <a href="http://localhost/phpmyadmin/url.php?url=http://dev.mysql.com/doc/refman/5.5/en/string-comparison-functions.html#operator_like"><span class="s4">like</span></a> </span><span class="s5">''% tag1%''</span></p><p class="p1"><span class="s5">\r\n\r\n\r\n\r\n\r\n<style type="text/css">\r\np.p1 {margin: 0.0px 0.0px 0.0px 0.0px; font: 10.7px Courier; color: #770088; -webkit-text-stroke: #770088; background-color: #e5e5e5}\r\nspan.s1 {font-kerning: none}\r\nspan.s2 {font-kerning: none; color: #444444; -webkit-text-stroke: 0px #444444}\r\nspan.s3 {font-kerning: none; color: #0055aa; -webkit-text-stroke: 0px #0055aa}\r\nspan.s4 {font-kerning: none; color: #770088; -webkit-text-stroke: 0px #770088}\r\nspan.s5 {font-kerning: none; color: #aa1111; -webkit-text-stroke: 0px #aa1111}\r\n</style>\r\n\r\n\r\n</span></p><p class="p1"><span class="s1"><a href="http://localhost/phpmyadmin/url.php?url=http://dev.mysql.com/doc/refman/5.5/en/select.html">SELECT</a></span><span class="s2"> * </span><span class="s1">FROM</span><span class="s2"> </span><span class="s3">`questions`</span><span class="s2"> </span><span class="s1">WHERE</span><span class="s2"> tags <a href="http://localhost/phpmyadmin/url.php?url=http://dev.mysql.com/doc/refman/5.5/en/string-comparison-functions.html#operator_like"><span class="s4">like</span></a> </span><span class="s5">''tag1 %''</span><span class="s2"> <a href="http://localhost/phpmyadmin/url.php?url=http://dev.mysql.com/doc/refman/5.5/en/logical-operators.html#operator_or"><span class="s4">or</span></a> tags <a href="http://localhost/phpmyadmin/url.php?url=http://dev.mysql.com/doc/refman/5.5/en/string-comparison-functions.html#operator_like"><span class="s4">like</span></a> </span><span class="s5">''% tag1 %''</span><span class="s2"> <a href="http://localhost/phpmyadmin/url.php?url=http://dev.mysql.com/doc/refman/5.5/en/logical-operators.html#operator_or"><span class="s4">or</span></a> tags <a href="http://localhost/phpmyadmin/url.php?url=http://dev.mysql.com/doc/refman/5.5/en/string-comparison-functions.html#operator_like"><span class="s4">like</span></a> </span><span class="s5">''% tag1%''</span></p><p class="p1"><span class="s5">\r\n\r\n\r\n\r\n\r\n<style type="text/css">\r\np.p1 {margin: 0.0px 0.0px 0.0px 0.0px; font: 10.7px Courier; color: #770088; -webkit-text-stroke: #770088; background-color: #e5e5e5}\r\nspan.s1 {font-kerning: none}\r\nspan.s2 {font-kerning: none; color: #444444; -webkit-text-stroke: 0px #444444}\r\nspan.s3 {font-kerning: none; color: #0055aa; -webkit-text-stroke: 0px #0055aa}\r\nspan.s4 {font-kerning: none; color: #770088; -webkit-text-stroke: 0px #770088}\r\nspan.s5 {font-kerning: none; color: #aa1111; -webkit-text-stroke: 0px #aa1111}\r\n</style>\r\n\r\n\r\n</span></p><p class="p1"><span class="s1"><a href="http://localhost/phpmyadmin/url.php?url=http://dev.mysql.com/doc/refman/5.5/en/select.html">SELECT</a></span><span class="s2"> * </span><span class="s1">FROM</span><span class="s2"> </span><span class="s3">`questions`</span><span class="s2"> </span><span class="s1">WHERE</span><span class="s2"> tags <a href="http://localhost/phpmyadmin/url.php?url=http://dev.mysql.com/doc/refman/5.5/en/string-comparison-functions.html#operator_like"><span class="s4">like</span></a> </span><span class="s5">''tag1 %''</span><span class="s2"> <a href="http://localhost/phpmyadmin/url.php?url=http://dev.mysql.com/doc/refman/5.5/en/logical-operators.html#operator_or"><span class="s4">or</span></a> tags <a href="http://localhost/phpmyadmin/url.php?url=http://dev.mysql.com/doc/refman/5.5/en/string-comparison-functions.html#operator_like"><span class="s4">like</span></a> </span><span class="s5">''% tag1 %''</span><span class="s2"> <a href="http://localhost/phpmyadmin/url.php?url=http://dev.mysql.com/doc/refman/5.5/en/logical-operators.html#operator_or"><span class="s4">or</span></a> tags <a href="http://localhost/phpmyadmin/url.php?url=http://dev.mysql.com/doc/refman/5.5/en/string-comparison-functions.html#operator_like"><span class="s4">like</span></a> </span><span class="s5">''% tag1%''</span></p><p class="p1"><span class="s5">\r\n\r\n\r\n\r\n\r\n<style type="text/css">\r\np.p1 {margin: 0.0px 0.0px 0.0px 0.0px; font: 10.7px Courier; color: #770088; -webkit-text-stroke: #770088; background-color: #e5e5e5}\r\nspan.s1 {font-kerning: none}\r\nspan.s2 {font-kerning: none; color: #444444; -webkit-text-stroke: 0px #444444}\r\nspan.s3 {font-kerning: none; color: #0055aa; -webkit-text-stroke: 0px #0055aa}\r\nspan.s4 {font-kerning: none; color: #770088; -webkit-text-stroke: 0px #770088}\r\nspan.s5 {font-kerning: none; color: #aa1111; -webkit-text-stroke: 0px #aa1111}\r\n</style>\r\n\r\n\r\n</span></p><p class="p1"><span class="s1"><a href="http://localhost/phpmyadmin/url.php?url=http://dev.mysql.com/doc/refman/5.5/en/select.html">SELECT</a></span><span class="s2"> * </span><span class="s1">FROM</span><span class="s2"> </span><span class="s3">`questions`</span><span class="s2"> </span><span class="s1">WHERE</span><span class="s2"> tags <a href="http://localhost/phpmyadmin/url.php?url=http://dev.mysql.com/doc/refman/5.5/en/string-comparison-functions.html#operator_like"><span class="s4">like</span></a> </span><span class="s5">''tag1 %''</span><span class="s2"> <a href="http://localhost/phpmyadmin/url.php?url=http://dev.mysql.com/doc/refman/5.5/en/logical-operators.html#operator_or"><span class="s4">or</span></a> tags <a href="http://localhost/phpmyadmin/url.php?url=http://dev.mysql.com/doc/refman/5.5/en/string-comparison-functions.html#operator_like"><span class="s4">like</span></a> </span><span class="s5">''% tag1 %''</span><span class="s2"> <a href="http://localhost/phpmyadmin/url.php?url=http://dev.mysql.com/doc/refman/5.5/en/logical-operators.html#operator_or"><span class="s4">or</span></a> tags <a href="http://localhost/phpmyadmin/url.php?url=http://dev.mysql.com/doc/refman/5.5/en/string-comparison-functions.html#operator_like"><span class="s4">like</span></a> </span><span class="s5">''% tag1%''</span></p><p class="p1"><span class="s5">\r\n\r\n\r\n\r\n\r\n<style type="text/css">\r\np.p1 {margin: 0.0px 0.0px 0.0px 0.0px; font: 10.7px Courier; color: #770088; -webkit-text-stroke: #770088; background-color: #e5e5e5}\r\nspan.s1 {font-kerning: none}\r\nspan.s2 {font-kerning: none; color: #444444; -webkit-text-stroke: 0px #444444}\r\nspan.s3 {font-kerning: none; color: #0055aa; -webkit-text-stroke: 0px #0055aa}\r\nspan.s4 {font-kerning: none; color: #770088; -webkit-text-stroke: 0px #770088}\r\nspan.s5 {font-kerning: none; color: #aa1111; -webkit-text-stroke: 0px #aa1111}\r\n</style>\r\n\r\n\r\n</span></p><p class="p1"><span class="s1"><a href="http://localhost/phpmyadmin/url.php?url=http://dev.mysql.com/doc/refman/5.5/en/select.html">SELECT</a></span><span class="s2"> * </span><span class="s1">FROM</span><span class="s2"> </span><span class="s3">`questions`</span><span class="s2"> </span><span class="s1">WHERE</span><span class="s2"> tags <a href="http://localhost/phpmyadmin/url.php?url=http://dev.mysql.com/doc/refman/5.5/en/string-comparison-functions.html#operator_like"><span class="s4">like</span></a> </span><span class="s5">''tag1 %''</span><span class="s2"> <a href="http://localhost/phpmyadmin/url.php?url=http://dev.mysql.com/doc/refman/5.5/en/logical-operators.html#operator_or"><span class="s4">or</span></a> tags <a href="http://localhost/phpmyadmin/url.php?url=http://dev.mysql.com/doc/refman/5.5/en/string-comparison-functions.html#operator_like"><span class="s4">like</span></a> </span><span class="s5">''% tag1 %''</span><span class="s2"> <a href="http://localhost/phpmyadmin/url.php?url=http://dev.mysql.com/doc/refman/5.5/en/logical-operators.html#operator_or"><span class="s4">or</span></a> tags <a href="http://localhost/phpmyadmin/url.php?url=http://dev.mysql.com/doc/refman/5.5/en/string-comparison-functions.html#operator_like"><span class="s4">like</span></a> </span><span class="s5">''% tag1%''</span></p>', 0, '2016-12-06 19:45:24', 0, 0, 'tag2 tag3 tag5 tag12 tag4 tag10 tag11'),
(82, 'ravitejamajeti', 'c++ tag question', '<p>c++ tag questionc++ tag questionc++ tag questionc++ tag questionc++ tag question</p>', 4, '2016-12-13 01:13:11', 0, 0, 'c++ tag1 tag2');

-- --------------------------------------------------------

--
-- Table structure for table `question_votes`
--

CREATE TABLE `question_votes` (
  `qid` int(11) NOT NULL,
  `uid` int(11) NOT NULL,
  `vote_type` tinyint(1) NOT NULL
) ENGINE=InnoDB DEFAULT CHARSET=latin1;

--
-- Dumping data for table `question_votes`
--

INSERT INTO `question_votes` (`qid`, `uid`, `vote_type`) VALUES
(39, 3, 1),
(39, 2, 1),
(40, 2, 2),
(57, 2, 1),
(51, 2, 1),
(42, 2, 1),
(58, 4, 1),
(58, 5, 1),
(42, 1, 2),
(53, 1, 1),
(58, 2, 1),
(39, 1, 1),
(58, 1, 1),
(40, 1, 2);

-- --------------------------------------------------------

--
-- Table structure for table `users`
--

CREATE TABLE `users` (
  `uid` int(20) NOT NULL,
  `user_name` varchar(20) NOT NULL,
  `password` varchar(100) NOT NULL,
  `role` char(1) NOT NULL DEFAULT 'e',
  `score` int(11) NOT NULL DEFAULT '0',
  `email` varchar(50) NOT NULL,
  `grav_override` int(5) NOT NULL,
  `pic_name` varchar(25) NOT NULL
) ENGINE=InnoDB DEFAULT CHARSET=latin1;

--
-- Dumping data for table `users`
--

INSERT INTO `users` (`uid`, `user_name`, `password`, `role`, `score`, `email`, `grav_override`, `pic_name`) VALUES
(1, 'ravitejamajeti', '10crores', 'a', 6, 'ravitejamajeti@gmail.com', 1, 'KLpV2yHQvM'),
(2, 'hyma', 'hyma823', 'e', 1, 'hyma823@gmail.com', 1, 'hhMJ4eyZka'),
(3, 'pvenkman', 'imadoctor', 'e', 1, 'pvenkman@gmail.com', 0, ''),
(19, 'slimer', '10crores', 'e', 0, '', 0, ''),
(20, 'admin', 'admin', 'a', 0, '', 0, ''),
(21, 'dbarrett', '10crores', 'e', 0, 'dbarrett_1@gmail.com', 1, 'Dw0EHsue6j');

--
-- Indexes for dumped tables
--

--
-- Indexes for table `answers`
--
ALTER TABLE `answers`
  ADD PRIMARY KEY (`aid`);

--
-- Indexes for table `questions`
--
ALTER TABLE `questions`
  ADD PRIMARY KEY (`qid`);

--
-- Indexes for table `users`
--
ALTER TABLE `users`
  ADD PRIMARY KEY (`uid`);

--
-- AUTO_INCREMENT for dumped tables
--

--
-- AUTO_INCREMENT for table `answers`
--
ALTER TABLE `answers`
  MODIFY `aid` int(20) NOT NULL AUTO_INCREMENT, AUTO_INCREMENT=246;
--
-- AUTO_INCREMENT for table `questions`
--
ALTER TABLE `questions`
  MODIFY `qid` int(20) NOT NULL AUTO_INCREMENT, AUTO_INCREMENT=83;
--
-- AUTO_INCREMENT for table `users`
--
ALTER TABLE `users`
  MODIFY `uid` int(20) NOT NULL AUTO_INCREMENT, AUTO_INCREMENT=22;
/*!40101 SET CHARACTER_SET_CLIENT=@OLD_CHARACTER_SET_CLIENT */;
/*!40101 SET CHARACTER_SET_RESULTS=@OLD_CHARACTER_SET_RESULTS */;
/*!40101 SET COLLATION_CONNECTION=@OLD_COLLATION_CONNECTION */;
